[{"model": "sessions.session", "pk": "0360i8x5aw8spf3darpthof8hra9l0vw", "fields": {"session_data": ".eJxVjEEOwiAQRe_C2hBAoODSfc9AZphBqoYmpV0Z765NutDtf-_9l0iwrTVtnZc0kbgILU6_G0J-cNsB3aHdZpnnti4Tyl2RB-1ynImf18P9O6jQ67cOygciIEBSGNlptIZKCTYDa2B0BoIngGAiq3MJbIchuszOoysMTrw_HX85WA:1uOiBV:rWR-FnkWEwvqXErTbsc00Gv5l7FZ3LoCClZZTl2odqA", "expire_date": "2025-06-23T19:29:29.713Z"}}, {"model": "sessions.session", "pk": "0ohxy8dh5z8ztcrj1kyxyjzrc4kp2jiz", "fields": {"session_data": ".eJxVjMEOwiAQRP-FsyGLLlA8eu83NLuwlaqBpLQn47_bJj3oZQ7z3sxbDbQueVibzMOU1FUZUKffkik-pewkPajcq461LPPEelf0QZvua5LX7XD_DjK1vK2hC8COTGcSuhA8W8YUvAGxQQQYyNLZIF_QEKInh1HcFtGPNsAI6vMF5q83aw:1uoQHX:I06m8714CK4J2k1H_CWDfoaIoqjPzd7PLkQVT2JCQIc", "expire_date": "2025-09-02T17:37:59.957Z"}}, {"model": "sessions.session", "pk": "0p7s5bu0qgw4xfam7qf1dbzfl0kavuls", "fields": {"session_data": ".eJxVjMEOwiAQRP-FsyGLLlA8eu83NLuwlaqBpLQn47_bJj3oZQ7z3sxbDbQueVibzMOU1FUZUKffkik-pewkPajcq461LPPEelf0QZvua5LX7XD_DjK1vK2hC8COTGcSuhA8W8YUvAGxQQQYyNLZIF_QEKInh1HcFtGPNsAI6vMF5q83aw:1uomQ6:xMNTThw5UzUwLiwZLYRBoM6qU8JKy2_iwAcDvI46b0o", "expire_date": "2025-09-03T17:16:18.348Z"}}, {"model": "sessions.session", "pk": "1ypsnrco25wuhci180fx5jh6es4esfuh", "fields": {"session_data": ".eJxVjLkKwzAQRP9FdRA6WB0p0-cbxK5WipwEGXxUJv8eG1wk1cC8N7OJhOvS0jqXKQ0sriKIy29HmF-lH4Cf2B-jzGNfpoHkociTzvI-cnnfTvfvoOHc9jVolzVGMsh7VADrCFxhYNA5WNQqkneUA1njgqqGlQEI3moTQ0UvPl_fczdG:1ueGih:bj3T6bX5yWkv6N5G7YrMelXnHSrhjCDiB_8SP65Y7xs", "expire_date": "2025-08-05T17:24:03.918Z"}}, {"model": "sessions.session", "pk": "2kzds6qnjkg8lfv2yrxq6ihl07ye371w", "fields": {"session_data": ".eJxVjMEOwiAQRP-FsyHsQoF69N5vIAtdpGpoUtqT8d9tkx70OPPezFsE2tYStsZLmEZxFQDi8ltGSk-uBxkfVO-zTHNdlynKQ5EnbXKYR37dTvfvoFAr-xqNs6g1ZOZOdc4kpRGwj4qJvbJkUo7WeCD0nl2fdbcHRHDJEFiM4vMF2HA20w:1uoPOv:SPvivY929OTyygDsTQ8etm4cW9SllCutJ4vHOJGDNu8", "expire_date": "2025-09-02T16:41:33.587Z"}}, {"model": "sessions.session", "pk": "2nxy47z2oth5rjq6p9qaf8xzqerh5aqp", "fields": {"session_data": ".eJxVjMEOwiAQRP-FsyGLLlA8eu83NLuwlaqBpLQn47_bJj3oZQ7z3sxbDbQueVibzMOU1FUZUKffkik-pewkPajcq461LPPEelf0QZvua5LX7XD_DjK1vK2hC8COTGcSuhA8W8YUvAGxQQQYyNLZIF_QEKInh1HcFtGPNsAI6vMF5q83aw:1ummOV:vV7r854fCkGCnUZXKSehW6KDNV73bUC-DYlOKEpwtzk", "expire_date": "2025-08-29T04:50:23.845Z"}}, {"model": "sessions.session", "pk": "37gr5rsmwnkodqh1e9iasulim6vg6xqk", "fields": {"session_data": ".eJxVjDsOwjAQRO_iGlnBZr1rSvqcIdr1OiSAbCmfCnF3EikFNFPMezNv0_G6DN0656kb1VwNmtNvJ5yeuexAH1zu1aZalmkUuyv2oLNtq-bX7XD_Dgaeh20NTKIuCqCHLSjixYEXFYIQkST4vlHPvURO5KSH5qwaIJAj5JzQfL7ZEjfH:1ufM0f:itHiXkgg2ol-XlYmsHlPgxz5A1c8D6eBf20jqQkgWFY", "expire_date": "2025-08-08T17:15:05.727Z"}}, {"model": "sessions.session", "pk": "3f0u6e3in6bcnx399wsra6uam06lm4kd", "fields": {"session_data": ".eJxVjMEOwiAQRP-FsyHsQoF69N5vIAtdpGpoUtqT8d9tkx70OPPezFsE2tYStsZLmEZxFQDi8ltGSk-uBxkfVO-zTHNdlynKQ5EnbXKYR37dTvfvoFAr-xqNs6g1ZOZOdc4kpRGwj4qJvbJkUo7WeCD0nl2fdbcHRHDJEFiM4vMF2HA20w:1uoQpS:r-MZKESpsNtQkt1b1x7kIc09Bk-DedFwsWC9OBE4eB8", "expire_date": "2025-09-02T18:13:02.458Z"}}, {"model": "sessions.session", "pk": "3r608q46br8frca55000k84sqbci0txx", "fields": {"session_data": ".eJxVjLkKwzAQRP9FdRA6WB0p0-cbxK5WipwEGXxUJv8eG1wk1cC8N7OJhOvS0jqXKQ0sriKIy29HmF-lH4Cf2B-jzGNfpoHkociTzvI-cnnfTvfvoOHc9jVolzVGMsh7VADrCFxhYNA5WNQqkneUA1njgqqGlQEI3moTQ0UvPl_fczdG:1udvRt:QGahnw9yn1Zl2gRhsiiDggjzx1gq3Y19Tk7dHvwWiFg", "expire_date": "2025-08-04T18:41:17.461Z"}}, {"model": "sessions.session", "pk": "49ejdhhoruhxa46o9l4xxj07aui5kjy8", "fields": {"session_data": ".eJxVjMEOwiAQRP-FsyHsQoF69N5vIAtdpGpoUtqT8d9tkx70OPPezFsE2tYStsZLmEZxFQDi8ltGSk-uBxkfVO-zTHNdlynKQ5EnbXKYR37dTvfvoFAr-xqNs6g1ZOZOdc4kpRGwj4qJvbJkUo7WeCD0nl2fdbcHRHDJEFiM4vMF2HA20w:1uqspe:LtR5XSl_Y0wokhCcPJJK-JNFHZMYXnu_DH0UshMob7w", "expire_date": "2025-09-09T12:31:22.531Z"}}, {"model": "sessions.session", "pk": "5g40bjws26y0auuwh8p6zmpp4sydmoo4", "fields": {"session_data": ".eJxVjLkKwzAQRP9FdRA6WB0p0-cbxK5WipwEGXxUJv8eG1wk1cC8N7OJhOvS0jqXKQ0sriKIy29HmF-lH4Cf2B-jzGNfpoHkociTzvI-cnnfTvfvoOHc9jVolzVGMsh7VADrCFxhYNA5WNQqkneUA1njgqqGlQEI3moTQ0UvPl_fczdG:1ueFcu:DbaMm3fDqwnS170OumhjJn3IuQQel7mzg5n5Em7bUMY", "expire_date": "2025-08-05T16:14:00.379Z"}}, {"model": "sessions.session", "pk": "5oyt27ki2u0oaam6mz0rejfmg2chsh0w", "fields": {"session_data": ".eJxVjMEOwiAQRP-FsyHsQoF69N5vIAtdpGpoUtqT8d9tkx70OPPezFsE2tYStsZLmEZxFQDi8ltGSk-uBxkfVO-zTHNdlynKQ5EnbXKYR37dTvfvoFAr-xqNs6g1ZOZOdc4kpRGwj4qJvbJkUo7WeCD0nl2fdbcHRHDJEFiM4vMF2HA20w:1uqt8J:HPFrqWf5G1L45VYDo_CWVa9wFPMxv3UyxM13fE1Hrxs", "expire_date": "2025-09-09T12:50:39.505Z"}}, {"model": "sessions.session", "pk": "68cl374lajvxsowlaasxakza28r1n7ch", "fields": {"session_data": ".eJxVjMsOwiAQAP-FsyHttjzWo_d-A4FlkaqBpLQn478bkh70OjOZt3D-2LM7Gm9ujeIqUFx-WfD05NJFfPhyr5Jq2bc1yJ7I0za51Miv29n-DbJvuW9RjWDYkJ0RNGmKajCUJhsYNUMcOFlIoEZENOCtMnoCTJEDzYRGi88X0ms3hA:1uoo9T:92-kqQ-GMpoCcWT52d-yaB6iLx_4eDOsAmle3ohBVVw", "expire_date": "2025-09-03T19:07:15.267Z"}}, {"model": "sessions.session", "pk": "6h3urq3qw33pp78x9r9b06vfcyphg8in", "fields": {"session_data": ".eJxVjLkKwzAQRP9FdRA6WB0p0-cbxK5WipwEGXxUJv8eG1wk1cC8N7OJhOvS0jqXKQ0sriKIy29HmF-lH4Cf2B-jzGNfpoHkociTzvI-cnnfTvfvoOHc9jVolzVGMsh7VADrCFxhYNA5WNQqkneUA1njgqqGlQEI3moTQ0UvPl_fczdG:1ueG0q:fMVEp0-lojY0jDqGWuGYCQS0NlyltHoPGScninB49G0", "expire_date": "2025-08-05T16:38:44.988Z"}}, {"model": "sessions.session", "pk": "75gw2kv9tt260nde8tis7vpzz4fm8krq", "fields": {"session_data": ".eJxVjLkKwzAQRP9FdRA6WB0p0-cbxK5WipwEGXxUJv8eG1wk1cC8N7OJhOvS0jqXKQ0sriKIy29HmF-lH4Cf2B-jzGNfpoHkociTzvI-cnnfTvfvoOHc9jVolzVGMsh7VADrCFxhYNA5WNQqkneUA1njgqqGlQEI3moTQ0UvPl_fczdG:1ueDb7:25Om4vewikGiIlcSudgs3lps5pdC9wxLcUy0kk0ZgI0", "expire_date": "2025-08-05T14:04:01.906Z"}}, {"model": "sessions.session", "pk": "7be0b70wh6chdy5o4q0348xs1ncvuir6", "fields": {"session_data": ".eJxVjMEOwiAQRP-FsyGLLlA8eu83NLuwlaqBpLQn47_bJj3oZQ7z3sxbDbQueVibzMOU1FUZUKffkik-pewkPajcq461LPPEelf0QZvua5LX7XD_DjK1vK2hC8COTGcSuhA8W8YUvAGxQQQYyNLZIF_QEKInh1HcFtGPNsAI6vMF5q83aw:1uoLsk:kqg40wmVu6gwv6Yc93Vdoiy9pPQGVZFeKw0RjMO4cDU", "expire_date": "2025-09-02T12:56:06.543Z"}}, {"model": "sessions.session", "pk": "7n7x368y54sa9nskebz0c87nvf9g79hx", "fields": {"session_data": ".eJxVjLkKwzAQRP9FdRA6WB0p0-cbxK5WipwEGXxUJv8eG1wk1cC8N7OJhOvS0jqXKQ0sriKIy29HmF-lH4Cf2B-jzGNfpoHkociTzvI-cnnfTvfvoOHc9jVolzVGMsh7VADrCFxhYNA5WNQqkneUA1njgqqGlQEI3moTQ0UvPl_fczdG:1ueY0r:6mjRxvuZiKwzddC4mU_0_inSpCk-rUKJc52Hes36V4s", "expire_date": "2025-08-06T11:51:57.137Z"}}, {"model": "sessions.session", "pk": "a3k54rfr0yr85n96jmv0v7evxridxyao", "fields": {"session_data": ".eJxVjEEOwiAQRe_C2hBAoODSfc9AZphBqoYmpV0Z765NutDtf-_9l0iwrTVtnZc0kbgILU6_G0J-cNsB3aHdZpnnti4Tyl2RB-1ynImf18P9O6jQ67cOygciIEBSGNlptIZKCTYDa2B0BoIngGAiq3MJbIchuszOoysMTrw_HX85WA:1uRB31:sUud4Rbmpb492ceXr2_Ddbo2m6nYGd6TOImwVwkQxLA", "expire_date": "2025-06-30T14:42:55.768Z"}}, {"model": "sessions.session", "pk": "azi9w5yuw447ou6t4mqthcqkrorv1rwf", "fields": {"session_data": ".eJxVjEsOwjAMBe-SNYrqOm4Sluw5Q-XYLi2gVupnhbg7VOoCtm9m3su1vK19uy02t4O6swNwp9-xsDxs3IneebxNXqZxnYfid8UfdPHXSe15Ody_g56X_lvnqIyhSwwagpIKIXY5ZgJBaCg2daSUixhYIyhWIVUBrNYSE2Fi9_4A-Dk3gg:1umG9t:Kj9DKOfxzelRf9kKCVF7-hrP5eiXxJ-rWsVU42Gi4To", "expire_date": "2025-08-27T18:25:09.955Z"}}, {"model": "sessions.session", "pk": "ctfa7joqb3r3kv1qto510213pj9atof4", "fields": {"session_data": ".eJxVjMEOwiAQRP-FsyGLLlA8eu83NLuwlaqBpLQn47_bJj3oZQ7z3sxbDbQueVibzMOU1FUZUKffkik-pewkPajcq461LPPEelf0QZvua5LX7XD_DjK1vK2hC8COTGcSuhA8W8YUvAGxQQQYyNLZIF_QEKInh1HcFtGPNsAI6vMF5q83aw:1ummOu:s9boyFXHjWPMfZy36CdGBxT7RPDjfDyc7nM5Q6nN8q8", "expire_date": "2025-08-29T04:50:48.152Z"}}, {"model": "sessions.session", "pk": "dsetuggqxbxbk6ydzhzdpn1ca47eg9es", "fields": {"session_data": ".eJxVjMEOwiAQRP-FsyGLLlA8eu83NLuwlaqBpLQn47_bJj3oZQ7z3sxbDbQueVibzMOU1FUZUKffkik-pewkPajcq461LPPEelf0QZvua5LX7XD_DjK1vK2hC8COTGcSuhA8W8YUvAGxQQQYyNLZIF_QEKInh1HcFtGPNsAI6vMF5q83aw:1ummPB:0pCrmm_3hxDu3KLh0vUqu97op-Ke7EBxGW_rA3lUoOM", "expire_date": "2025-08-29T04:51:05.126Z"}}, {"model": "sessions.session", "pk": "dz3turlxevcz5wxlb9y3r2q6w8xu9jo9", "fields": {"session_data": ".eJxVjEEOwiAQRe_C2hBAoODSfc9AZphBqoYmpV0Z765NutDtf-_9l0iwrTVtnZc0kbgILU6_G0J-cNsB3aHdZpnnti4Tyl2RB-1ynImf18P9O6jQ67cOygciIEBSGNlptIZKCTYDa2B0BoIngGAiq3MJbIchuszOoysMTrw_HX85WA:1uTqGc:00le69v1Nr3Gqsr7rx1YeshJnSY0i8IWRkJ1jsWthOY", "expire_date": "2025-07-07T23:07:58.152Z"}}, {"model": "sessions.session", "pk": "ec02d77j949x2rhal8ifdqbighdl6myw", "fields": {"session_data": ".eJxVjMEOwiAQRP-FsyHsQoF69N5vIAtdpGpoUtqT8d9tkx70OPPezFsE2tYStsZLmEZxFQDi8ltGSk-uBxkfVO-zTHNdlynKQ5EnbXKYR37dTvfvoFAr-xqNs6g1ZOZOdc4kpRGwj4qJvbJkUo7WeCD0nl2fdbcHRHDJEFiM4vMF2HA20w:1uqszb:19bIL5RmAa3FnD-CcNCgl3a94vzCMPk1aRFTuT4V6R0", "expire_date": "2025-09-09T12:41:39.368Z"}}, {"model": "sessions.session", "pk": "f0yjljk8xrixo98vfucga0yox6mr96es", "fields": {"session_data": ".eJxVjLkKwzAQRP9FdRA6WB0p0-cbxK5WipwEGXxUJv8eG1wk1cC8N7OJhOvS0jqXKQ0sriKIy29HmF-lH4Cf2B-jzGNfpoHkociTzvI-cnnfTvfvoOHc9jVolzVGMsh7VADrCFxhYNA5WNQqkneUA1njgqqGlQEI3moTQ0UvPl_fczdG:1ueB2W:sHlSgB5KuEb0bq8U9cPyNrmtbgpTg_mntpn2w1WLrnA", "expire_date": "2025-08-05T11:20:08.689Z"}}, {"model": "sessions.session", "pk": "fg3shq7tetge9p3jrs7kgcg6r7d6vqdz", "fields": {"session_data": ".eJxVjEEOwiAQRe_C2hBAoODSfc9AZphBqoYmpV0Z765NutDtf-_9l0iwrTVtnZc0kbgILU6_G0J-cNsB3aHdZpnnti4Tyl2RB-1ynImf18P9O6jQ67cOygciIEBSGNlptIZKCTYDa2B0BoIngGAiq3MJbIchuszOoysMTrw_HX85WA:1uWHpm:AbQ5aMrKytQw8hw7gQTluFr0VuFrg7gJwsY47yNW54U", "expire_date": "2025-07-14T16:58:22.545Z"}}, {"model": "sessions.session", "pk": "g7invc2gamez4ukriwcz6aqw0ucdn1iz", "fields": {"session_data": ".eJxVjMEOwiAQRP-FsyGLLlA8eu83NLuwlaqBpLQn47_bJj3oZQ7z3sxbDbQueVibzMOU1FUZUKffkik-pewkPajcq461LPPEelf0QZvua5LX7XD_DjK1vK2hC8COTGcSuhA8W8YUvAGxQQQYyNLZIF_QEKInh1HcFtGPNsAI6vMF5q83aw:1umj4v:XRRfHT_Fa_bqQCKkei2-KBQOL1cU17oqGe_6yZ5sZvI", "expire_date": "2025-08-29T01:17:57.560Z"}}, {"model": "sessions.session", "pk": "h2v1fvnqcif90svd2876h5uf2kmi5yq9", "fields": {"session_data": ".eJxVjLkKwzAQRP9FdRA6WB0p0-cbxK5WipwEGXxUJv8eG1wk1cC8N7OJhOvS0jqXKQ0sriKIy29HmF-lH4Cf2B-jzGNfpoHkociTzvI-cnnfTvfvoOHc9jVolzVGMsh7VADrCFxhYNA5WNQqkneUA1njgqqGlQEI3moTQ0UvPl_fczdG:1ueHGz:4EEBlyTrO2nwrtTrZL006NHom51VIDrZ0PolpA41DQw", "expire_date": "2025-08-05T17:59:29.813Z"}}, {"model": "sessions.session", "pk": "hbdnm9niw21p84rkwx9c803pzcrssr3g", "fields": {"session_data": ".eJxVjLkKwzAQRP9FdRA6WB0p0-cbxK5WipwEGXxUJv8eG1wk1cC8N7OJhOvS0jqXKQ0sriKIy29HmF-lH4Cf2B-jzGNfpoHkociTzvI-cnnfTvfvoOHc9jVolzVGMsh7VADrCFxhYNA5WNQqkneUA1njgqqGlQEI3moTQ0UvPl_fczdG:1ueFz0:dnycqSK4YaMe7LNTEioox4OhwbAzLs_rscxA9MMHO6k", "expire_date": "2025-08-05T16:36:50.238Z"}}, {"model": "sessions.session", "pk": "i7jbxzl7ltsdru8kl07de8cv2k2c1b3g", "fields": {"session_data": ".eJxVjMEOwiAQRP-FsyGLLlA8eu83NLuwlaqBpLQn47_bJj3oZQ7z3sxbDbQueVibzMOU1FUZUKffkik-pewkPajcq461LPPEelf0QZvua5LX7XD_DjK1vK2hC8COTGcSuhA8W8YUvAGxQQQYyNLZIF_QEKInh1HcFtGPNsAI6vMF5q83aw:1uoKF9:3KTGTnBBzFYVdfrgG75HM3_npFyNZTZ0m00ARDHqoUU", "expire_date": "2025-09-02T11:11:07.933Z"}}, {"model": "sessions.session", "pk": "ib38e6upkk3gjp75fu2718danab3oxjw", "fields": {"session_data": ".eJxVjLkKwzAQRP9FdRA6WB0p0-cbxK5WipwEGXxUJv8eG1wk1cC8N7OJhOvS0jqXKQ0sriKIy29HmF-lH4Cf2B-jzGNfpoHkociTzvI-cnnfTvfvoOHc9jVolzVGMsh7VADrCFxhYNA5WNQqkneUA1njgqqGlQEI3moTQ0UvPl_fczdG:1ueY4q:7JgNjO2WGYbPtY3pVGaTa9nC3jLY9aJHlW1uXKfA9DY", "expire_date": "2025-08-06T11:56:04.149Z"}}, {"model": "sessions.session", "pk": "j3wuxjwhnk6uxhtccxinlgcc4qlz1s4s", "fields": {"session_data": ".eJxVjLkKwzAQRP9FdRA6WB0p0-cbxK5WipwEGXxUJv8eG1wk1cC8N7OJhOvS0jqXKQ0sriKIy29HmF-lH4Cf2B-jzGNfpoHkociTzvI-cnnfTvfvoOHc9jVolzVGMsh7VADrCFxhYNA5WNQqkneUA1njgqqGlQEI3moTQ0UvPl_fczdG:1ufHNX:-viaykpn_N8QwzTNgBbJ1Lxihae1TasHMUjaNBQwAgI", "expire_date": "2025-08-08T12:18:23.215Z"}}, {"model": "sessions.session", "pk": "jgxq052bdx2m7hsgb94vd61bnxu3oowt", "fields": {"session_data": ".eJxVjMEOwiAQRP-FsyGLLlA8eu83NLuwlaqBpLQn47_bJj3oZQ7z3sxbDbQueVibzMOU1FUZUKffkik-pewkPajcq461LPPEelf0QZvua5LX7XD_DjK1vK2hC8COTGcSuhA8W8YUvAGxQQQYyNLZIF_QEKInh1HcFtGPNsAI6vMF5q83aw:1ummPj:gYT2s1rFRhhgERoNvpcRZra_dAVHxMuzjulw6yB5mmU", "expire_date": "2025-08-29T04:51:39.193Z"}}, {"model": "sessions.session", "pk": "jp64z9m09whsu7n4n9x9ubcl7o9ursr7", "fields": {"session_data": ".eJxVjLkKwzAQRP9FdRA6WB0p0-cbxK5WipwEGXxUJv8eG1wk1cC8N7OJhOvS0jqXKQ0sriKIy29HmF-lH4Cf2B-jzGNfpoHkociTzvI-cnnfTvfvoOHc9jVolzVGMsh7VADrCFxhYNA5WNQqkneUA1njgqqGlQEI3moTQ0UvPl_fczdG:1ueFyT:Mkiw0DK_LIB8mDZ8DxksFpiiTtduFC9NMTr4750NJ58", "expire_date": "2025-08-05T16:36:17.940Z"}}, {"model": "sessions.session", "pk": "l8wicpn2zd6b7dkgk22nv6y0bpu2c7nt", "fields": {"session_data": ".eJxVjEEOwiAQRe_C2hBAoODSfc9AZphBqoYmpV0Z765NutDtf-_9l0iwrTVtnZc0kbgILU6_G0J-cNsB3aHdZpnnti4Tyl2RB-1ynImf18P9O6jQ67cOygciIEBSGNlptIZKCTYDa2B0BoIngGAiq3MJbIchuszOoysMTrw_HX85WA:1uPR6s:dzU61iOdq4lvI5bx1r-N_DI3jKztOpB8slBrf3K20lc", "expire_date": "2025-06-25T19:27:42.653Z"}}, {"model": "sessions.session", "pk": "lvymdtigg8dh2xr92sigwy4v2mk4lsm4", "fields": {"session_data": ".eJxVjMEOwiAQRP-FsyGLLlA8eu83NLuwlaqBpLQn47_bJj3oZQ7z3sxbDbQueVibzMOU1FUZUKffkik-pewkPajcq461LPPEelf0QZvua5LX7XD_DjK1vK2hC8COTGcSuhA8W8YUvAGxQQQYyNLZIF_QEKInh1HcFtGPNsAI6vMF5q83aw:1uoiwy:kMgoX4TESmJTDoBEFNQGTTSyHn4jBDls6BLMql9Htro", "expire_date": "2025-09-03T13:34:00.082Z"}}, {"model": "sessions.session", "pk": "m2kqve0eydvas9r1igvn0lqjwz6nfnf2", "fields": {"session_data": ".eJxVjDsOwjAQRO_iGlnBZr1rSvqcIdr1OiSAbCmfCnF3EikFNFPMezNv0_G6DN0656kb1VwNmtNvJ5yeuexAH1zu1aZalmkUuyv2oLNtq-bX7XD_Dgaeh20NTKIuCqCHLSjixYEXFYIQkST4vlHPvURO5KSH5qwaIJAj5JzQfL7ZEjfH:1ufMDT:nSI5kDemWEV4vNSMmoh_yFfAIHCsGr7qmUWWO5qO9CY", "expire_date": "2025-08-08T17:28:19.636Z"}}, {"model": "sessions.session", "pk": "m5d0v6lnnst3fecnnkgog8i10ftn1cte", "fields": {"session_data": ".eJxVjMEOwiAQRP-FsyHsQoF69N5vIAtdpGpoUtqT8d9tkx70OPPezFsE2tYStsZLmEZxFQDi8ltGSk-uBxkfVO-zTHNdlynKQ5EnbXKYR37dTvfvoFAr-xqNs6g1ZOZOdc4kpRGwj4qJvbJkUo7WeCD0nl2fdbcHRHDJEFiM4vMF2HA20w:1uqtGm:mDIez5aGY_WVo7dWS_kkrSBdoDBBlOJOTwwK9pt8Q1s", "expire_date": "2025-09-09T12:59:24.939Z"}}, {"model": "sessions.session", "pk": "m8be9dfzbkh0n4f4wqkrggkp7tb473qw", "fields": {"session_data": ".eJxVjMEOwiAQRP-FsyGLLlA8eu83NLuwlaqBpLQn47_bJj3oZQ7z3sxbDbQueVibzMOU1FUZUKffkik-pewkPajcq461LPPEelf0QZvua5LX7XD_DjK1vK2hC8COTGcSuhA8W8YUvAGxQQQYyNLZIF_QEKInh1HcFtGPNsAI6vMF5q83aw:1uo5QN:tonwPLdjC3Undia_TGgam-82h6VblWzvdZ1eZAqt3M8", "expire_date": "2025-09-01T19:21:43.354Z"}}, {"model": "sessions.session", "pk": "mrdz65r2p3eghchxhbudse4j2sdve3e6", "fields": {"session_data": ".eJxVjLkKwzAQRP9FdRA6WB0p0-cbxK5WipwEGXxUJv8eG1wk1cC8N7OJhOvS0jqXKQ0sriKIy29HmF-lH4Cf2B-jzGNfpoHkociTzvI-cnnfTvfvoOHc9jVolzVGMsh7VADrCFxhYNA5WNQqkneUA1njgqqGlQEI3moTQ0UvPl_fczdG:1ueXYg:Yd_IVZZpEGAjoq1qvpUrdgovyKdivQ_LXrgEPLCY9HA", "expire_date": "2025-08-06T11:22:50.410Z"}}, {"model": "sessions.session", "pk": "ncpc9upelebqlkrzy4bjlzjibhe8hiye", "fields": {"session_data": ".eJxVjEEOwiAQRe_C2hBAoODSfc9AZphBqoYmpV0Z765NutDtf-_9l0iwrTVtnZc0kbgILU6_G0J-cNsB3aHdZpnnti4Tyl2RB-1ynImf18P9O6jQ67cOygciIEBSGNlptIZKCTYDa2B0BoIngGAiq3MJbIchuszOoysMTrw_HX85WA:1uSgod:tC_nsutTO9OnPalNvKeMmKhDg8fDnctycQd_pjpJTIU", "expire_date": "2025-07-04T18:50:19.859Z"}}, {"model": "sessions.session", "pk": "px30lzap06ovwa5kji13f83uil8pmc90", "fields": {"session_data": ".eJxVjEEOwiAQRe_C2pDptBRw6b5nIAMzStVAUtqV8e7apAvd_vfef6lA25rD1mQJM6uzGtXpd4uUHlJ2wHcqt6pTLesyR70r-qBNT5XleTncv4NMLX9rRI6deOMjcHI8IjgLfYKrIxTgzhFEMyRPbBEILZEDSxZMPyCDF_X-AOBCN4c:1ugM70:666gFAitGlT9Gp_cQ84EWlFZg4vbww6E0oEzVCE9lrQ", "expire_date": "2025-08-11T11:33:46.872Z"}}, {"model": "sessions.session", "pk": "r8dfx2ziuzybqhnpn7s6l75srtgjego5", "fields": {"session_data": ".eJxVjMEOwiAQRP-FsyGLLlA8eu83NLuwlaqBpLQn47_bJj3oZQ7z3sxbDbQueVibzMOU1FUZUKffkik-pewkPajcq461LPPEelf0QZvua5LX7XD_DjK1vK2hC8COTGcSuhA8W8YUvAGxQQQYyNLZIF_QEKInh1HcFtGPNsAI6vMF5q83aw:1uoSPZ:-hXglzOHJqJ_R5DdltqpsOMQVcV08XBk7Qc-jZaM2Bw", "expire_date": "2025-09-02T19:54:25.004Z"}}, {"model": "sessions.session", "pk": "s9dq43mphizuee1z9adpgatyde37nwhr", "fields": {"session_data": ".eJxVjMEOwiAQRP-FsyHsQoF69N5vIAtdpGpoUtqT8d9tkx70OPPezFsE2tYStsZLmEZxFQDi8ltGSk-uBxkfVO-zTHNdlynKQ5EnbXKYR37dTvfvoFAr-xqNs6g1ZOZOdc4kpRGwj4qJvbJkUo7WeCD0nl2fdbcHRHDJEFiM4vMF2HA20w:1uoST2:nH-nOXjue7f1xgsW5UnOgUdSIuCdFI6v_kculNrIT_8", "expire_date": "2025-09-02T19:58:00.358Z"}}, {"model": "sessions.session", "pk": "sdogq0dm7n3jmazdxcxfwkppf3nzypw9", "fields": {"session_data": ".eJxVjMEOwiAQRP-FsyGLLlA8eu83NLuwlaqBpLQn47_bJj3oZQ7z3sxbDbQueVibzMOU1FUZUKffkik-pewkPajcq461LPPEelf0QZvua5LX7XD_DjK1vK2hC8COTGcSuhA8W8YUvAGxQQQYyNLZIF_QEKInh1HcFtGPNsAI6vMF5q83aw:1uon4S:Z60ODm44xkGuCJWsgMs6hHvBcx8o_vQMe9uFUVkNDTs", "expire_date": "2025-09-03T17:58:00.521Z"}}, {"model": "sessions.session", "pk": "ska8m9fpv7sz9wxv8tp1uwo6fljz7o8s", "fields": {"session_data": ".eJxVjEEOwiAQRe_C2pDptBRw6b5nIAMzStVAUtqV8e7apAvd_vfef6lA25rD1mQJM6uzGtXpd4uUHlJ2wHcqt6pTLesyR70r-qBNT5XleTncv4NMLX9rRI6deOMjcHI8IjgLfYKrIxTgzhFEMyRPbBEILZEDSxZMPyCDF_X-AOBCN4c:1ugMf5:aMuIbwfOmZZOfNrYsHxaC79zMSTLWtSqIjqSYzVGOJM", "expire_date": "2025-08-11T12:08:59.537Z"}}, {"model": "sessions.session", "pk": "t8e74jsud9lz2cz7nqlaamy6mgq2i5pt", "fields": {"session_data": ".eJxVjEEOwiAQRe_C2pCBAum4dO8ZyACDVA0kpV0Z764kXeju57-X9xKe9q34vfPqlyTOQovT7xcoPrgOkO5Ub03GVrd1CXIo8qBdXlvi5-Vw_wKFehnZyajJMhg3BwXfQRGtQks5g9WWY54B0bDWTickIOtSzgGygsDILN4fv7s3yA:1uds54:Qg_B_-CVYaVQ_TaNGn--yMhzqoN32OEDJp5_og4oR4I", "expire_date": "2025-08-04T15:05:30.327Z"}}, {"model": "sessions.session", "pk": "u2bgtmvy1p71s78xrio6arc7sorkuspi", "fields": {"session_data": ".eJxVjEEOwiAURO_C2hCmFPhx6d4zNB8-tVUDSWlXxrtrky50O--9eamBt3UatpaXYRZ1ViB1-h0jp0cuO5E7l1vVqZZ1maPeFX3Qpq9V8vNyuH8HE7fpW3vniGF6jIbhOVgkgqCzFhII7C2MzyHRGLzzNMYozNQ7wCR0HdT7A9Z3NsY:1uoQRy:f_dcBRplGLbFrh3zQ1ulbwv7i1AZ0R0LnZENKVF995U", "expire_date": "2025-09-02T17:48:46.921Z"}}, {"model": "sessions.session", "pk": "uflubzh0jlojat65ote4fajus52i2axb", "fields": {"session_data": ".eJxVjMEOwiAQRP-FsyGLLlA8eu83NLuwlaqBpLQn47_bJj3oZQ7z3sxbDbQueVibzMOU1FUZUKffkik-pewkPajcq461LPPEelf0QZvua5LX7XD_DjK1vK2hC8COTGcSuhA8W8YUvAGxQQQYyNLZIF_QEKInh1HcFtGPNsAI6vMF5q83aw:1ummPS:pTZdpu_h5WHL4zoT7hLD5zTn_ZnZsShDoB6EDnxAQFE", "expire_date": "2025-08-29T04:51:22.089Z"}}, {"model": "sessions.session", "pk": "uyu61fby87g7yt84g7chg4b63aotmeqi", "fields": {"session_data": ".eJxVjLkKwzAQRP9FdRA6WB0p0-cbxK5WipwEGXxUJv8eG1wk1cC8N7OJhOvS0jqXKQ0sriKIy29HmF-lH4Cf2B-jzGNfpoHkociTzvI-cnnfTvfvoOHc9jVolzVGMsh7VADrCFxhYNA5WNQqkneUA1njgqqGlQEI3moTQ0UvPl_fczdG:1ueXOo:UDGghn7dLsS1U6OwtRipuvhsU97AIrTq1HEaSDjgMa8", "expire_date": "2025-08-06T11:12:38.125Z"}}, {"model": "sessions.session", "pk": "v2cs1yyz4tqw5hneebg0feewr3omc77z", "fields": {"session_data": ".eJxVjDsOwjAQBe_iGlnrbxxK-pzB2vUHB5AjxUmFuDuOlALamXnvzTzuW_F7S6ufI7syIdnlFxKGZ6qHiQ-s94WHpW7rTPxI-Gkbn5aYXrez_Tso2EpfW4WQhYagQQljxkwUwyAIkySBmWCw1oGBHJTSNkkte0ljcg5kR4J9vvyeN3o:1ummhL:1CGGJjOoNJ7tOJvxMos4avW5bPOUiE7QEJmb19V9BK4", "expire_date": "2025-08-29T05:09:51.879Z"}}, {"model": "sessions.session", "pk": "vstqnhs8m76tweua71yrf46fy9vss5j2", "fields": {"session_data": ".eJxVjMEOwiAQRP-FsyGLLlA8eu83NLuwlaqBpLQn47_bJj3oZQ7z3sxbDbQueVibzMOU1FUZUKffkik-pewkPajcq461LPPEelf0QZvua5LX7XD_DjK1vK2hC8COTGcSuhA8W8YUvAGxQQQYyNLZIF_QEKInh1HcFtGPNsAI6vMF5q83aw:1uoN3l:QwKj88hmNodTCSFbBWX5p8rRbpu-7NFlzm8GhPn8HHk", "expire_date": "2025-09-02T14:11:33.062Z"}}, {"model": "sessions.session", "pk": "w427dskqbqh6zj0igxwi0pwii7le3j90", "fields": {"session_data": ".eJxVjMEOwiAQRP-FsyHsQoF69N5vIAtdpGpoUtqT8d9tkx70OPPezFsE2tYStsZLmEZxFQDi8ltGSk-uBxkfVO-zTHNdlynKQ5EnbXKYR37dTvfvoFAr-xqNs6g1ZOZOdc4kpRGwj4qJvbJkUo7WeCD0nl2fdbcHRHDJEFiM4vMF2HA20w:1uoSff:COAnVcvE3AWDx4v8oDsafe9LOeM-Chw2kVD7lBnXpnI", "expire_date": "2025-09-02T20:11:03.123Z"}}, {"model": "sessions.session", "pk": "w77vobggz55ip52cbthxbimo6s4bfqf3", "fields": {"session_data": ".eJxVjMEOwiAQRP-FsyGLLlA8eu83NLuwlaqBpLQn47_bJj3oZQ7z3sxbDbQueVibzMOU1FUZUKffkik-pewkPajcq461LPPEelf0QZvua5LX7XD_DjK1vK2hC8COTGcSuhA8W8YUvAGxQQQYyNLZIF_QEKInh1HcFtGPNsAI6vMF5q83aw:1uoiBf:njl569fj-ypQ-zKOY2jAnBoNI1kOAVdABoOVsq10wCY", "expire_date": "2025-09-03T12:45:07.316Z"}}, {"model": "sessions.session", "pk": "w87zj9ehkn1mvrqk2kpwodywli1uxc2n", "fields": {"session_data": ".eJxVjMEOwiAQRP-FsyHsQoF69N5vIAtdpGpoUtqT8d9tkx70OPPezFsE2tYStsZLmEZxFQDi8ltGSk-uBxkfVO-zTHNdlynKQ5EnbXKYR37dTvfvoFAr-xqNs6g1ZOZOdc4kpRGwj4qJvbJkUo7WeCD0nl2fdbcHRHDJEFiM4vMF2HA20w:1uoRte:mGT684n_QSs5sLv7Sdj5ryv5V-evGs1OcP8mDdTfjps", "expire_date": "2025-09-02T19:21:26.297Z"}}, {"model": "sessions.session", "pk": "y0mfnugdm0ctai3ummkn8ndl89ikp35d", "fields": {"session_data": ".eJxVjLkKwzAQRP9FdRA6WB0p0-cbxK5WipwEGXxUJv8eG1wk1cC8N7OJhOvS0jqXKQ0sriKIy29HmF-lH4Cf2B-jzGNfpoHkociTzvI-cnnfTvfvoOHc9jVolzVGMsh7VADrCFxhYNA5WNQqkneUA1njgqqGlQEI3moTQ0UvPl_fczdG:1ufJ3u:Cpw6_9K-T6l6AxfnPIqx4X-lAecFqzq9-SDzAFZRybY", "expire_date": "2025-08-08T14:06:14.629Z"}}, {"model": "sessions.session", "pk": "y9dq7b7b1mcwvri49rr5j2iffzz27ib6", "fields": {"session_data": ".eJxVjLkKwzAQRP9FdRA6WB0p0-cbxK5WipwEGXxUJv8eG1wk1cC8N7OJhOvS0jqXKQ0sriKIy29HmF-lH4Cf2B-jzGNfpoHkociTzvI-cnnfTvfvoOHc9jVolzVGMsh7VADrCFxhYNA5WNQqkneUA1njgqqGlQEI3moTQ0UvPl_fczdG:1udv36:1SIrAeInYvuyBEb7co_ls6nZQSt3T8cGrIkVMuncLCM", "expire_date": "2025-08-04T18:15:40.772Z"}}, {"model": "sessions.session", "pk": "zbevorqn2g57l7i3wv5k26pmhjz93g3k", "fields": {"session_data": ".eJxVjMEOwiAQRP-FsyHsQoF69N5vIAtdpGpoUtqT8d9tkx70OPPezFsE2tYStsZLmEZxFQDi8ltGSk-uBxkfVO-zTHNdlynKQ5EnbXKYR37dTvfvoFAr-xqNs6g1ZOZOdc4kpRGwj4qJvbJkUo7WeCD0nl2fdbcHRHDJEFiM4vMF2HA20w:1uogkt:bvti6ibKz5IJe_mrCvvHaemFUP_jNEQkSotnlEd2-K0", "expire_date": "2025-09-03T11:13:23.333Z"}}, {"model": "sessions.session", "pk": "zt3ercu48jqls3onephq77b4jz8y34d5", "fields": {"session_data": ".eJxVjMEOwiAQRP-FsyGLLlA8eu83NLuwlaqBpLQn47_bJj3oZQ7z3sxbDbQueVibzMOU1FUZUKffkik-pewkPajcq461LPPEelf0QZvua5LX7XD_DjK1vK2hC8COTGcSuhA8W8YUvAGxQQQYyNLZIF_QEKInh1HcFtGPNsAI6vMF5q83aw:1up5is:j-EuLouJmGaPQmacGIFEi5BdJZaAD9xrLyQMQ8tRmBo", "expire_date": "2025-09-04T13:52:58.406Z"}}, {"model": "applications.application", "pk": 1, "fields": {"candidate": 11, "vacancy": 3, "status": "pending", "cover_letter": null, "resume": "", "created_at": "2025-08-15T20:15:01.768Z", "updated_at": "2025-08-15T20:15:01.768Z", "recruiter_notes": null}}, {"model": "applications.application", "pk": 2, "fields": {"candidate": 16, "vacancy": 3, "status": "pending", "cover_letter": null, "resume": "", "created_at": "2025-08-18T12:55:22.672Z", "updated_at": "2025-08-19T14:32:06.180Z", "recruiter_notes": "pouca coisa"}}, {"model": "applications.application", "pk": 3, "fields": {"candidate": 17, "vacancy": 3, "status": "pending", "cover_letter": null, "resume": "", "created_at": "2025-08-18T14:10:38.273Z", "updated_at": "2025-08-19T17:38:48.544Z", "recruiter_notes": ""}}, {"model": "applications.application", "pk": 4, "fields": {"candidate": 18, "vacancy": 3, "status": "pending", "cover_letter": null, "resume": "", "created_at": "2025-08-18T17:50:06.995Z", "updated_at": "2025-08-21T12:21:19.742Z", "recruiter_notes": "não achei que tivesse muita experiencia não."}}, {"model": "applications.application", "pk": 5, "fields": {"candidate": 19, "vacancy": 5, "status": "pending", "cover_letter": null, "resume": "", "created_at": "2025-08-21T13:29:35.031Z", "updated_at": "2025-08-21T13:29:35.031Z", "recruiter_notes": null}}, {"model": "applications.applicationevaluation", "pk": 1, "fields": {"application": 4, "evaluator": 10, "technical_score": 6, "experience_score": 9, "cultural_fit_score": 5, "comments": "avaliado", "created_at": "2025-08-18T19:21:55.525Z", "updated_at": "2025-08-21T12:21:19.751Z"}}, {"model": "applications.applicationevaluation", "pk": 2, "fields": {"application": 3, "evaluator": 10, "technical_score": 9, "experience_score": 7, "cultural_fit_score": 6, "comments": "", "created_at": "2025-08-19T11:20:19.267Z", "updated_at": "2025-08-19T17:38:48.562Z"}}, {"model": "applications.applicationevaluation", "pk": 3, "fields": {"application": 2, "evaluator": 10, "technical_score": 1, "experience_score": 1, "cultural_fit_score": 4, "comments": "nao foi muito bem", "created_at": "2025-08-19T14:14:37.779Z", "updated_at": "2025-08-19T14:32:06.187Z"}}, {"model": "applications.resume", "pk": 1, "fields": {"candidate": 16, "summary": null, "skills": null, "languages": null, "certifications": null, "created_at": "2025-08-19T14:31:19.260Z", "updated_at": "2025-08-19T14:31:19.260Z"}}, {"model": "applications.resume", "pk": 2, "fields": {"candidate": 17, "summary": null, "skills": null, "languages": null, "certifications": null, "created_at": "2025-08-19T14:53:49.410Z", "updated_at": "2025-08-19T14:53:49.410Z"}}, {"model": "applications.resume", "pk": 3, "fields": {"candidate": 18, "summary": null, "skills": null, "languages": null, "certifications": null, "created_at": "2025-08-19T16:39:45.226Z", "updated_at": "2025-08-19T16:39:45.226Z"}}, {"model": "applications.resume", "pk": 4, "fields": {"candidate": 11, "summary": null, "skills": null, "languages": null, "certifications": null, "created_at": "2025-08-19T16:41:41.763Z", "updated_at": "2025-08-19T16:41:41.763Z"}}, {"model": "applications.applicationcomplementaryinfo", "pk": 1, "fields": {"application": 1, "trabalha_atualmente": "nao", "funcao_atual": "", "experiencia_area": "nao", "descricao_experiencia": "", "ultima_funcao": "Médico", "tempo_experiencia": "1_2_anos", "disponibilidade_manha": true, "disponibilidade_tarde": true, "disponibilidade_noite": true, "disponibilidade_comercial": true, "disponibilidade_plantao_dia": false, "disponibilidade_plantao_noite": true, "inicio_imediato": "sim", "trabalhou_acqua": "nao", "area_cargo_acqua": "", "data_desligamento": null, "parentes_instituicao": "nao", "grau_parentesco": "", "nome_parente_setor": "", "declaracao_veracidade": true, "declaracao_edital": true, "autorizacao_dados": true, "data_declaracao": "15/08/2025", "is_pcd": null, "cid": null, "atestado_pcd": "", "necessita_adaptacoes": null, "descricao_adaptacoes": null, "conselho_regional": null, "numero_registro": null, "validade_registro": null, "created_at": "2025-08-15T20:15:01.775Z", "updated_at": "2025-08-15T20:15:01.775Z"}}, {"model": "applications.applicationcomplementaryinfo", "pk": 2, "fields": {"application": 2, "trabalha_atualmente": "nao", "funcao_atual": "", "experiencia_area": "nao", "descricao_experiencia": "", "ultima_funcao": "Médico", "tempo_experiencia": "menos_6_meses", "disponibilidade_manha": false, "disponibilidade_tarde": false, "disponibilidade_noite": false, "disponibilidade_comercial": true, "disponibilidade_plantao_dia": true, "disponibilidade_plantao_noite": true, "inicio_imediato": "", "trabalhou_acqua": "nao", "area_cargo_acqua": "", "data_desligamento": null, "parentes_instituicao": "nao", "grau_parentesco": "", "nome_parente_setor": "", "declaracao_veracidade": true, "declaracao_edital": true, "autorizacao_dados": true, "data_declaracao": "18/08/2025", "is_pcd": null, "cid": null, "atestado_pcd": "", "necessita_adaptacoes": null, "descricao_adaptacoes": null, "conselho_regional": null, "numero_registro": null, "validade_registro": null, "created_at": "2025-08-18T12:55:22.680Z", "updated_at": "2025-08-18T12:55:22.680Z"}}, {"model": "applications.applicationcomplementaryinfo", "pk": 3, "fields": {"application": 3, "trabalha_atualmente": "nao", "funcao_atual": "", "experiencia_area": "nao", "descricao_experiencia": "", "ultima_funcao": "Médico", "tempo_experiencia": "6_meses_1_ano", "disponibilidade_manha": false, "disponibilidade_tarde": false, "disponibilidade_noite": true, "disponibilidade_comercial": true, "disponibilidade_plantao_dia": false, "disponibilidade_plantao_noite": true, "inicio_imediato": "", "trabalhou_acqua": "nao", "area_cargo_acqua": "", "data_desligamento": null, "parentes_instituicao": "nao", "grau_parentesco": "", "nome_parente_setor": "", "declaracao_veracidade": true, "declaracao_edital": true, "autorizacao_dados": true, "data_declaracao": "18/08/2025", "is_pcd": null, "cid": null, "atestado_pcd": "", "necessita_adaptacoes": null, "descricao_adaptacoes": null, "conselho_regional": null, "numero_registro": null, "validade_registro": null, "created_at": "2025-08-18T14:10:38.281Z", "updated_at": "2025-08-18T14:10:38.281Z"}}, {"model": "applications.applicationcomplementaryinfo", "pk": 4, "fields": {"application": 4, "trabalha_atualmente": "nao", "funcao_atual": "", "experiencia_area": "nao", "descricao_experiencia": "", "ultima_funcao": "Enfermeira", "tempo_experiencia": "6_meses_1_ano", "disponibilidade_manha": false, "disponibilidade_tarde": false, "disponibilidade_noite": false, "disponibilidade_comercial": true, "disponibilidade_plantao_dia": true, "disponibilidade_plantao_noite": true, "inicio_imediato": "", "trabalhou_acqua": "nao", "area_cargo_acqua": "", "data_desligamento": null, "parentes_instituicao": "nao", "grau_parentesco": null, "nome_parente_setor": "", "declaracao_veracidade": true, "declaracao_edital": true, "autorizacao_dados": true, "data_declaracao": "18/08/2025", "is_pcd": "nao", "cid": null, "atestado_pcd": "", "necessita_adaptacoes": "nao", "descricao_adaptacoes": null, "conselho_regional": null, "numero_registro": null, "validade_registro": null, "created_at": "2025-08-18T17:50:07.003Z", "updated_at": "2025-08-18T17:50:07.003Z"}}, {"model": "applications.applicationcomplementaryinfo", "pk": 5, "fields": {"application": 5, "trabalha_atualmente": "sim", "funcao_atual": "Médico 2", "experiencia_area": "sim", "descricao_experiencia": "varias coisas como médico", "ultima_funcao": "Médico", "tempo_experiencia": "1_2_anos", "disponibilidade_manha": false, "disponibilidade_tarde": false, "disponibilidade_noite": false, "disponibilidade_comercial": true, "disponibilidade_plantao_dia": true, "disponibilidade_plantao_noite": true, "inicio_imediato": "", "trabalhou_acqua": "sim", "area_cargo_acqua": "Médico", "data_desligamento": "2025-04-16", "parentes_instituicao": "sim", "grau_parentesco": "tio", "nome_parente_setor": "Médico, cirurgião", "declaracao_veracidade": true, "declaracao_edital": true, "autorizacao_dados": true, "data_declaracao": "21/08/2025", "is_pcd": "sim", "cid": "F01", "atestado_pcd": "pcd_atestados/TCC_II_-_sugestão_minhas.pdf", "necessita_adaptacoes": "sim", "descricao_adaptacoes": "cadeira de rodas", "conselho_regional": "CRBM", "numero_registro": "123124", "validade_registro": "2027-11-17", "created_at": "2025-08-21T13:29:35.039Z", "updated_at": "2025-08-21T13:29:35.039Z"}}, {"model": "applications.applicationfavorite", "pk": 13, "fields": {"application": 3, "recruiter": 10, "created_at": "2025-08-19T17:38:44.918Z"}}, {"model": "applications.applicationfavorite", "pk": 15, "fields": {"application": 4, "recruiter": 10, "created_at": "2025-08-19T17:47:02.754Z"}}, {"model": "users.user", "fields": {"password": "pbkdf2_sha256$600000$OcNDpbIejQmJlBULAMq4ZE$QozLgev3aoofqlXPjyKGvqyN8O9gtbNz6xuPGRwEYzQ=", "is_superuser": false, "email": "contato@blackbeans.com.br", "first_name": "João", "last_name": "Silva", "role": "candidate", "phone": null, "date_of_birth": null, "profile_picture": "", "bio": null, "cpf": null, "address": null, "city": null, "state": null, "zip_code": null, "nome_social": null, "pis": null, "rg": null, "rg_emissao": null, "rg_orgao": null, "raca_cor": null, "sexo": null, "genero": null, "estado_civil": null, "whatsapp": null, "email_confirmado": false, "numero": null, "complemento": null, "bairro": null, "notificacoes_email": true, "notificacoes_sms": false, "perfil_visivel": true, "compartilhar_dados": false, "perfil_publico": false, "receber_convites": true, "department": null, "position": null, "employee_id": null, "is_active": true, "is_staff": false, "date_joined": "2025-06-09T20:59:30.560Z", "last_login": "2025-06-09T20:59:30.560Z", "groups": [], "user_permissions": []}}, {"model": "users.user", "fields": {"password": "pbkdf2_sha256$600000$duMP45UyTh8PTMwXo7OnpJ$KqK+2FJQdVtX0k7tXYcxXW4OrsHTV5IegtHJVydaugo=", "is_superuser": false, "email": "maria@maria.com.br", "first_name": "Maria", "last_name": "Maria", "role": "candidate", "phone": null, "date_of_birth": null, "profile_picture": "", "bio": null, "cpf": null, "address": null, "city": null, "state": null, "zip_code": null, "nome_social": null, "pis": null, "rg": null, "rg_emissao": null, "rg_orgao": null, "raca_cor": null, "sexo": null, "genero": null, "estado_civil": null, "whatsapp": null, "email_confirmado": false, "numero": null, "complemento": null, "bairro": null, "notificacoes_email": true, "notificacoes_sms": false, "perfil_visivel": true, "compartilhar_dados": false, "perfil_publico": false, "receber_convites": true, "department": null, "position": null, "employee_id": null, "is_active": true, "is_staff": false, "date_joined": "2025-06-09T21:03:49.516Z", "last_login": "2025-06-09T21:03:49.516Z", "groups": [], "user_permissions": []}}, {"model": "users.user", "fields": {"password": "pbkdf2_sha256$600000$Q5mfSWbd8CD4MXB8FDJYY7$fo4b8sRpexW+8awnt4TdtsoUtQlnQTXHTjHRT9XWivI=", "is_superuser": false, "email": "candidato@teste.com", "first_name": "João", "last_name": "Silva", "role": "candidate", "phone": "11999999999", "date_of_birth": null, "profile_picture": "", "bio": null, "cpf": null, "address": null, "city": null, "state": null, "zip_code": null, "nome_social": null, "pis": null, "rg": null, "rg_emissao": null, "rg_orgao": null, "raca_cor": null, "sexo": null, "genero": null, "estado_civil": null, "whatsapp": null, "email_confirmado": false, "numero": null, "complemento": null, "bairro": null, "notificacoes_email": true, "notificacoes_sms": false, "perfil_visivel": true, "compartilhar_dados": false, "perfil_publico": false, "receber_convites": true, "department": null, "position": null, "employee_id": null, "is_active": true, "is_staff": false, "date_joined": "2025-07-21T17:56:18.378Z", "last_login": "2025-07-28T13:38:29.348Z", "groups": [], "user_permissions": []}}, {"model": "users.user", "fields": {"password": "pbkdf2_sha256$600000$qpDcjZT2ZB3FnpLfAHw37X$jOZvuFjciikEWE+Eo9ocJ+fDJpkXNfmE8Zzs3QaOVCw=", "is_superuser": false, "email": "recrutador@teste.com", "first_name": "Maria", "last_name": "Santos", "role": "recruiter", "phone": "11888888888", "date_of_birth": null, "profile_picture": "", "bio": null, "cpf": null, "address": null, "city": null, "state": null, "zip_code": null, "nome_social": null, "pis": null, "rg": null, "rg_emissao": null, "rg_orgao": null, "raca_cor": null, "sexo": null, "genero": null, "estado_civil": null, "whatsapp": null, "email_confirmado": false, "numero": null, "complemento": null, "bairro": null, "notificacoes_email": true, "notificacoes_sms": false, "perfil_visivel": true, "compartilhar_dados": false, "perfil_publico": false, "receber_convites": true, "department": "RH", "position": "Recrutador Senior", "employee_id": null, "is_active": true, "is_staff": false, "date_joined": "2025-07-21T17:56:18.594Z", "last_login": "2025-07-28T14:50:48.698Z", "groups": [], "user_permissions": []}}, {"model": "users.user", "fields": {"password": "pbkdf2_sha256$600000$GJ6jmFGoz03J5ClOjOIzGk$Vs0URwg6W/MwMAAPjSH1y50y5GvSSwOi/sFPselvF9o=", "is_superuser": true, "email": "admin@admin.com", "first_name": "Admin", "last_name": "User", "role": "admin", "phone": null, "date_of_birth": null, "profile_picture": "", "bio": null, "cpf": null, "address": null, "city": null, "state": null, "zip_code": null, "nome_social": null, "pis": null, "rg": null, "rg_emissao": null, "rg_orgao": null, "raca_cor": null, "sexo": null, "genero": null, "estado_civil": null, "whatsapp": null, "email_confirmado": false, "numero": null, "complemento": null, "bairro": null, "notificacoes_email": true, "notificacoes_sms": false, "perfil_visivel": true, "compartilhar_dados": false, "perfil_publico": false, "receber_convites": true, "department": null, "position": null, "employee_id": null, "is_active": true, "is_staff": true, "date_joined": "2025-07-21T18:01:07.969Z", "last_login": "2025-07-28T14:28:54.723Z", "groups": [], "user_permissions": []}}, {"model": "users.user", "fields": {"password": "pbkdf2_sha256$600000$2ymEIX0OLV5SyBDlhpECdo$6/nh2OxxlZlbUGGvMm0Uo0wi4ROvS7c70vRtziEJ+r8=", "is_superuser": true, "email": "admin@rhacqua.com", "first_name": "João", "last_name": "Silva", "role": "admin", "phone": "(11) 99999-9999", "date_of_birth": null, "profile_picture": "", "bio": null, "cpf": null, "address": null, "city": null, "state": null, "zip_code": null, "nome_social": null, "pis": null, "rg": null, "rg_emissao": null, "rg_orgao": null, "raca_cor": null, "sexo": null, "genero": null, "estado_civil": null, "whatsapp": null, "email_confirmado": false, "numero": null, "complemento": null, "bairro": null, "notificacoes_email": true, "notificacoes_sms": false, "perfil_visivel": true, "compartilhar_dados": false, "perfil_publico": false, "receber_convites": true, "department": null, "position": null, "employee_id": null, "is_active": true, "is_staff": true, "date_joined": "2025-08-13T18:23:00.697Z", "last_login": "2025-08-20T19:07:15.244Z", "groups": [], "user_permissions": []}}, {"model": "users.user", "fields": {"password": "pbkdf2_sha256$600000$CvuePEP0hBOGOQDI0uGGZq$OljzYvTSmtjz2lS7w86loPjf0XBhFhfKy0AhPgC25hc=", "is_superuser": false, "email": "recruiter@rhacqua.com", "first_name": "Maria", "last_name": "Santos", "role": "recruiter", "phone": "(11) 88888-8888", "date_of_birth": null, "profile_picture": "", "bio": null, "cpf": null, "address": null, "city": null, "state": null, "zip_code": null, "nome_social": null, "pis": null, "rg": null, "rg_emissao": null, "rg_orgao": null, "raca_cor": null, "sexo": null, "genero": null, "estado_civil": null, "whatsapp": null, "email_confirmado": false, "numero": null, "complemento": null, "bairro": null, "notificacoes_email": true, "notificacoes_sms": false, "perfil_visivel": true, "compartilhar_dados": false, "perfil_publico": false, "receber_convites": true, "department": "Recursos Humanos", "position": "Recrutadora Sênior", "employee_id": "RH001", "is_active": true, "is_staff": false, "date_joined": "2025-08-13T18:23:01.088Z", "last_login": "2025-08-25T14:15:45.024Z", "groups": [], "user_permissions": []}}, {"model": "users.user", "fields": {"password": "pbkdf2_sha256$600000$jvek4n39Yxg77IKUe9wC4N$aIdXMvdF9GBHkcv/lQ+bM7ye2YIr/JqywFafIgC/q9Y=", "is_superuser": false, "email": "candidate@rhacqua.com", "first_name": "Kaue", "last_name": "Silva", "role": "candidate", "phone": "(11) 77777-7777", "date_of_birth": "2003-07-16", "profile_picture": "profile_pictures/Foto_de_perfil_para_linkedin_kaue_MMYp3K6.png", "bio": "sadsadasda", "cpf": "42085245678", "address": "Rua das Flores", "city": "São Paulo", "state": "SP", "zip_code": "34345343", "nome_social": "Kaue Ronald", "pis": "342.35668.76-4", "rg": "434134124", "rg_emissao": "2025-08-03", "rg_orgao": "ssds", "raca_cor": "parda", "sexo": "M", "genero": "homem_cis", "estado_civil": "solteiro", "whatsapp": "83994123454", "email_confirmado": false, "numero": "939", "complemento": "casa", "bairro": "canaa", "notificacoes_email": true, "notificacoes_sms": false, "perfil_visivel": true, "compartilhar_dados": false, "perfil_publico": false, "receber_convites": true, "department": null, "position": null, "employee_id": null, "is_active": true, "is_staff": false, "date_joined": "2025-08-13T18:23:01.479Z", "last_login": "2025-08-26T12:59:24.914Z", "groups": [], "user_permissions": []}}, {"model": "users.user", "fields": {"password": "pbkdf2_sha256$600000$spV7hTdouj2qBQSOwBEU1a$oEE+4E543f1RgYuVS3qziVO77+USM8M/zRraN4ICWgE=", "is_superuser": false, "email": "recruiter@example.com", "first_name": "João", "last_name": "Recrutador", "role": "recruiter", "phone": null, "date_of_birth": null, "profile_picture": "", "bio": null, "cpf": null, "address": null, "city": null, "state": null, "zip_code": null, "nome_social": null, "pis": null, "rg": null, "rg_emissao": null, "rg_orgao": null, "raca_cor": null, "sexo": null, "genero": null, "estado_civil": null, "whatsapp": null, "email_confirmado": false, "numero": null, "complemento": null, "bairro": null, "notificacoes_email": true, "notificacoes_sms": false, "perfil_visivel": true, "compartilhar_dados": false, "perfil_publico": false, "receber_convites": true, "department": null, "position": null, "employee_id": null, "is_active": true, "is_staff": true, "date_joined": "2025-08-15T00:35:25.772Z", "last_login": "2025-08-15T12:19:29.045Z", "groups": [], "user_permissions": []}}, {"model": "users.user", "fields": {"password": "pbkdf2_sha256$600000$K7hYYIX1KrO9k9Uu74dCyw$e+cIZtTOFls5I0Y8G5GZD6jBo5HH/S16jjWkWDZwrZc=", "is_superuser": false, "email": "kaue.ronald@gmail.com", "first_name": "Ronald", "last_name": "Nascimento", "role": "candidate", "phone": null, "date_of_birth": "2001-09-18", "profile_picture": "", "bio": "e isso", "cpf": "42085240909", "address": "inacio lira", "city": "sjp", "state": "PB", "zip_code": "58940000", "nome_social": "Kaue Ronald", "pis": "436.56343.43-3", "rg": "345345345345", "rg_emissao": "2025-08-01", "rg_orgao": "ssds", "raca_cor": "parda", "sexo": "M", "genero": "homem_cis", "estado_civil": "solteiro", "whatsapp": "8399654343", "email_confirmado": false, "numero": "120", "complemento": "casa", "bairro": "canaa", "notificacoes_email": true, "notificacoes_sms": false, "perfil_visivel": true, "compartilhar_dados": false, "perfil_publico": false, "receber_convites": true, "department": null, "position": null, "employee_id": null, "is_active": true, "is_staff": false, "date_joined": "2025-08-15T11:34:44.625Z", "last_login": "2025-08-15T11:39:06.550Z", "groups": [], "user_permissions": []}}, {"model": "users.user", "fields": {"password": "pbkdf2_sha256$600000$ZsYOHtDKxBMdQl3uqEAAAN$d/u4br9EaXDJGrE0Q+Cm9gJGAvLIsUaxnMuMPnlE62M=", "is_superuser": false, "email": "bea@gmail.com", "first_name": "Ana", "last_name": "Beatriz", "role": "candidate", "phone": null, "date_of_birth": null, "profile_picture": "", "bio": null, "cpf": null, "address": null, "city": null, "state": null, "zip_code": null, "nome_social": null, "pis": null, "rg": null, "rg_emissao": null, "rg_orgao": null, "raca_cor": null, "sexo": null, "genero": null, "estado_civil": null, "whatsapp": null, "email_confirmado": false, "numero": null, "complemento": null, "bairro": null, "notificacoes_email": true, "notificacoes_sms": false, "perfil_visivel": true, "compartilhar_dados": false, "perfil_publico": false, "receber_convites": true, "department": null, "position": null, "employee_id": null, "is_active": true, "is_staff": false, "date_joined": "2025-08-15T11:51:31.397Z", "last_login": "2025-08-15T11:51:47.713Z", "groups": [], "user_permissions": []}}, {"model": "users.user", "fields": {"password": "pbkdf2_sha256$600000$ZmSri44dkTs6L5VDOVs4Yb$CFq6cdzC0jglrp/28sqsLdRJdKKnQN/6igJeSwX2jn8=", "is_superuser": false, "email": "joao@gmail.com", "first_name": "Joao", "last_name": "Silva", "role": "candidate", "phone": null, "date_of_birth": null, "profile_picture": "", "bio": null, "cpf": null, "address": null, "city": null, "state": null, "zip_code": null, "nome_social": null, "pis": null, "rg": null, "rg_emissao": null, "rg_orgao": null, "raca_cor": null, "sexo": null, "genero": null, "estado_civil": null, "whatsapp": null, "email_confirmado": false, "numero": null, "complemento": null, "bairro": null, "notificacoes_email": true, "notificacoes_sms": false, "perfil_visivel": true, "compartilhar_dados": false, "perfil_publico": false, "receber_convites": true, "department": null, "position": null, "employee_id": null, "is_active": true, "is_staff": false, "date_joined": "2025-08-18T12:44:04.303Z", "last_login": "2025-08-18T12:44:04.303Z", "groups": [], "user_permissions": []}}, {"model": "users.user", "fields": {"password": "pbkdf2_sha256$600000$I9nCsXwDq8k9eL0yfHq0Nz$xjLb+5RNTpiyJsO/VVsw4LW1V7iEKQOm2nctmB2JkeY=", "is_superuser": false, "email": "joao13@gmail.com", "first_name": "jp", "last_name": "Silva", "role": "candidate", "phone": null, "date_of_birth": "2004-02-03", "profile_picture": "profile_pictures/cpu.jpg", "bio": "nada", "cpf": "22165501830", "address": "Rua das Flores", "city": "São Paulo", "state": "SP", "zip_code": "67698988", "nome_social": "joao", "pis": "123.25345.65-6", "rg": "34665765745", "rg_emissao": "2025-08-01", "rg_orgao": "ssds", "raca_cor": "parda", "sexo": "M", "genero": "homem_cis", "estado_civil": "solteiro", "whatsapp": "8340028926", "email_confirmado": false, "numero": "67", "complemento": "casa", "bairro": "Centro", "notificacoes_email": true, "notificacoes_sms": false, "perfil_visivel": true, "compartilhar_dados": false, "perfil_publico": false, "receber_convites": true, "department": null, "position": null, "employee_id": null, "is_active": true, "is_staff": false, "date_joined": "2025-08-18T12:45:43.167Z", "last_login": "2025-08-18T12:47:53.864Z", "groups": [], "user_permissions": []}}, {"model": "users.user", "fields": {"password": "pbkdf2_sha256$600000$hwyZVxPBzeQlEeAg9t0ymC$I1fsXkHUe1ERqTntAGsfzWxtUCfdL2EGYyS0YWtdfG0=", "is_superuser": false, "email": "alan@gmail.com", "first_name": "Alan", "last_name": "Marangoni", "role": "candidate", "phone": null, "date_of_birth": "1990-09-10", "profile_picture": "profile_pictures/hotel.jpeg", "bio": "isso ai", "cpf": "16111463854", "address": "rua", "city": "sjp", "state": "PR", "zip_code": "56465465", "nome_social": "alan", "pis": "231.23254.53-3", "rg": "12312312313", "rg_emissao": "2025-08-13", "rg_orgao": "sdds", "raca_cor": "branca", "sexo": "M", "genero": "homem_cis", "estado_civil": "casado", "whatsapp": "34213542354", "email_confirmado": false, "numero": "934", "complemento": "casa", "bairro": "Centro", "notificacoes_email": true, "notificacoes_sms": false, "perfil_visivel": true, "compartilhar_dados": false, "perfil_publico": false, "receber_convites": true, "department": null, "position": null, "employee_id": null, "is_active": true, "is_staff": false, "date_joined": "2025-08-18T14:03:43.167Z", "last_login": "2025-08-18T14:18:41.236Z", "groups": [], "user_permissions": []}}, {"model": "users.user", "fields": {"password": "pbkdf2_sha256$600000$ymfqiTWqKuEazieDg8Wvto$9ba+NBq5mNYL2wwYf6pouBabmuFC0tSfWpyUNmLMUYM=", "is_superuser": false, "email": "kamilly@gmail.com", "first_name": "Kamilly", "last_name": "Rayara", "role": "candidate", "phone": null, "date_of_birth": "2002-09-18", "profile_picture": "profile_pictures/IMG_1796.jpg", "bio": "nada", "cpf": "97123420004", "address": "inacio lira", "city": "sjp", "state": "PR", "zip_code": "34465676", "nome_social": "Kamilly", "pis": "132.14254.36-4", "rg": "53534656475", "rg_emissao": "2025-08-01", "rg_orgao": "ssds", "raca_cor": "parda", "sexo": "F", "genero": "mulher_cis", "estado_civil": "solteiro", "whatsapp": "25435675676", "email_confirmado": false, "numero": "702", "complemento": "casa", "bairro": "Centro", "notificacoes_email": true, "notificacoes_sms": false, "perfil_visivel": true, "compartilhar_dados": false, "perfil_publico": false, "receber_convites": true, "department": null, "position": null, "employee_id": null, "is_active": true, "is_staff": false, "date_joined": "2025-08-18T17:39:18.380Z", "last_login": "2025-08-20T19:06:03.403Z", "groups": [], "user_permissions": []}}, {"model": "users.user", "fields": {"password": "pbkdf2_sha256$600000$Naw15EabgjgqdiPm5blUYB$FAq+rSi8SixknRMK/7s+UOQbSUPWLmZjWRcyCZJgQ1s=", "is_superuser": false, "email": "ronald@gmail.com", "first_name": "Ronald", "last_name": "Nascimento", "role": "candidate", "phone": null, "date_of_birth": "2001-09-11", "profile_picture": "profile_pictures/cuida_VWXtRHu.png", "bio": null, "cpf": "536.040.720-42", "address": "rua do embace", "city": "governador valadares", "state": "PB", "zip_code": "58900-000", "nome_social": "Ronald", "pis": "123.56788.78-7", "rg": "12.354.563-4", "rg_emissao": "2025-08-07", "rg_orgao": "ssds", "raca_cor": "parda", "sexo": "M", "genero": "homem_cis", "estado_civil": "solteiro", "whatsapp": "(45) 678767876", "email_confirmado": false, "numero": "567", "complemento": "Casa", "bairro": "centro", "notificacoes_email": true, "notificacoes_sms": false, "perfil_visivel": true, "compartilhar_dados": false, "perfil_publico": false, "receber_convites": true, "department": null, "position": null, "employee_id": null, "is_active": true, "is_staff": false, "date_joined": "2025-08-21T12:48:25.289Z", "last_login": "2025-08-21T13:29:35.011Z", "groups": [], "user_permissions": []}}, {"model": "users.candidateprofile", "pk": 1, "fields": {"user": ["contato@blackbeans.com.br"], "education_level": null, "course": null, "institution": null, "graduation_year": null, "current_company": null, "current_position": null, "experience_years": null, "address": null, "city": null, "state": null, "zip_code": null, "phone": null, "whatsapp": null, "cpf": null, "rg": null, "pis": null, "bio": null, "profile_picture": "", "is_public": false, "share_data": false, "created_at": "2025-06-09T20:59:30.566Z", "updated_at": "2025-06-09T20:59:30.567Z"}}, {"model": "users.candidateprofile", "pk": 2, "fields": {"user": ["maria@maria.com.br"], "education_level": null, "course": null, "institution": null, "graduation_year": null, "current_company": null, "current_position": null, "experience_years": null, "address": null, "city": null, "state": null, "zip_code": null, "phone": null, "whatsapp": null, "cpf": null, "rg": null, "pis": null, "bio": null, "profile_picture": "", "is_public": false, "share_data": false, "created_at": "2025-06-09T21:03:49.524Z", "updated_at": "2025-06-09T21:03:49.529Z"}}, {"model": "users.candidateprofile", "pk": 5, "fields": {"user": ["candidato@teste.com"], "education_level": null, "course": null, "institution": null, "graduation_year": null, "current_company": null, "current_position": null, "experience_years": null, "address": null, "city": null, "state": null, "zip_code": null, "phone": null, "whatsapp": null, "cpf": null, "rg": null, "pis": null, "bio": null, "profile_picture": "", "is_public": false, "share_data": false, "created_at": "2025-07-21T17:56:18.391Z", "updated_at": "2025-07-28T13:38:29.358Z"}}, {"model": "users.candidateprofile", "pk": 6, "fields": {"user": ["candidate@rhacqua.com"], "education_level": null, "course": null, "institution": null, "graduation_year": null, "current_company": null, "current_position": null, "experience_years": null, "address": null, "city": null, "state": null, "zip_code": null, "phone": null, "whatsapp": null, "cpf": null, "rg": null, "pis": null, "bio": null, "profile_picture": "", "is_public": false, "share_data": false, "created_at": "2025-08-13T18:23:01.517Z", "updated_at": "2025-08-26T12:59:24.931Z"}}, {"model": "users.candidateprofile", "pk": 7, "fields": {"user": ["kaue.ronald@gmail.com"], "education_level": null, "course": null, "institution": null, "graduation_year": null, "current_company": null, "current_position": null, "experience_years": null, "address": null, "city": null, "state": null, "zip_code": null, "phone": null, "whatsapp": null, "cpf": null, "rg": null, "pis": null, "bio": null, "profile_picture": "", "is_public": false, "share_data": false, "created_at": "2025-08-15T11:34:44.643Z", "updated_at": "2025-08-15T11:39:06.566Z"}}, {"model": "users.candidateprofile", "pk": 8, "fields": {"user": ["bea@gmail.com"], "education_level": null, "course": null, "institution": null, "graduation_year": null, "current_company": null, "current_position": null, "experience_years": null, "address": null, "city": null, "state": null, "zip_code": null, "phone": null, "whatsapp": null, "cpf": null, "rg": null, "pis": null, "bio": null, "profile_picture": "", "is_public": false, "share_data": false, "created_at": "2025-08-15T11:51:31.424Z", "updated_at": "2025-08-15T11:51:47.728Z"}}, {"model": "users.candidateprofile", "pk": 9, "fields": {"user": ["joao@gmail.com"], "education_level": null, "course": null, "institution": null, "graduation_year": null, "current_company": null, "current_position": null, "experience_years": null, "address": null, "city": null, "state": null, "zip_code": null, "phone": null, "whatsapp": null, "cpf": null, "rg": null, "pis": null, "bio": null, "profile_picture": "", "is_public": false, "share_data": false, "created_at": "2025-08-18T12:44:04.322Z", "updated_at": "2025-08-18T12:44:04.327Z"}}, {"model": "users.candidateprofile", "pk": 10, "fields": {"user": ["joao13@gmail.com"], "education_level": null, "course": null, "institution": null, "graduation_year": null, "current_company": null, "current_position": null, "experience_years": null, "address": null, "city": null, "state": null, "zip_code": null, "phone": null, "whatsapp": null, "cpf": null, "rg": null, "pis": null, "bio": null, "profile_picture": "", "is_public": false, "share_data": false, "created_at": "2025-08-18T12:45:43.185Z", "updated_at": "2025-08-18T12:47:53.879Z"}}, {"model": "users.candidateprofile", "pk": 11, "fields": {"user": ["alan@gmail.com"], "education_level": null, "course": null, "institution": null, "graduation_year": null, "current_company": null, "current_position": null, "experience_years": null, "address": null, "city": null, "state": null, "zip_code": null, "phone": null, "whatsapp": null, "cpf": null, "rg": null, "pis": null, "bio": null, "profile_picture": "", "is_public": false, "share_data": false, "created_at": "2025-08-18T14:03:43.194Z", "updated_at": "2025-08-18T14:18:41.249Z"}}, {"model": "users.candidateprofile", "pk": 12, "fields": {"user": ["kamilly@gmail.com"], "education_level": null, "course": null, "institution": null, "graduation_year": null, "current_company": null, "current_position": null, "experience_years": null, "address": null, "city": null, "state": null, "zip_code": null, "phone": null, "whatsapp": null, "cpf": null, "rg": null, "pis": null, "bio": null, "profile_picture": "", "is_public": false, "share_data": false, "created_at": "2025-08-18T17:39:18.405Z", "updated_at": "2025-08-20T19:06:03.462Z"}}, {"model": "users.candidateprofile", "pk": 13, "fields": {"user": ["ronald@gmail.com"], "education_level": null, "course": null, "institution": null, "graduation_year": null, "current_company": null, "current_position": null, "experience_years": null, "address": null, "city": null, "state": null, "zip_code": null, "phone": null, "whatsapp": null, "cpf": null, "rg": null, "pis": null, "bio": null, "profile_picture": "", "is_public": false, "share_data": false, "created_at": "2025-08-21T12:48:25.311Z", "updated_at": "2025-08-21T13:29:35.024Z"}}, {"model": "users.education", "pk": 12, "fields": {"user": ["kaue.ronald@gmail.com"], "instituicao": "teste", "curso": "tests", "nivel": "superior_completo", "inicio": "2020-02-14", "fim": "2024-04-15", "em_andamento": false, "created_at": "2025-08-15T11:35:42.659Z", "updated_at": "2025-08-15T11:35:42.659Z"}}, {"model": "users.education", "pk": 13, "fields": {"user": ["candidate@rhacqua.com"], "instituicao": "ufcg", "curso": "enfermagem", "nivel": "superior_incompleto", "inicio": "2025-08-07", "fim": "2025-08-15", "em_andamento": true, "created_at": "2025-08-15T19:14:40.386Z", "updated_at": "2025-08-15T19:14:40.386Z"}}, {"model": "users.education", "pk": 16, "fields": {"user": ["candidate@rhacqua.com"], "instituicao": "ifpb", "curso": "eng", "nivel": "superior_incompleto", "inicio": "2025-06-10", "fim": "2025-08-15", "em_andamento": true, "created_at": "2025-08-15T19:21:01.558Z", "updated_at": "2025-08-15T19:21:01.558Z"}}, {"model": "users.education", "pk": 18, "fields": {"user": ["joao13@gmail.com"], "instituicao": "ifpb", "curso": "engenharia", "nivel": "superior_completo", "inicio": "2023-01-02", "fim": "2025-07-24", "em_andamento": false, "created_at": "2025-08-18T12:48:25.580Z", "updated_at": "2025-08-18T12:48:25.580Z"}}, {"model": "users.education", "pk": 19, "fields": {"user": ["alan@gmail.com"], "instituicao": "ifpb", "curso": "engenharia", "nivel": "superior_incompleto", "inicio": "2025-08-05", "fim": null, "em_andamento": true, "created_at": "2025-08-18T14:06:37.868Z", "updated_at": "2025-08-18T14:06:37.868Z"}}, {"model": "users.education", "pk": 20, "fields": {"user": ["kamilly@gmail.com"], "instituicao": "ufcg", "curso": "enfermagem", "nivel": "superior_completo", "inicio": "2023-01-09", "fim": "2025-08-28", "em_andamento": false, "created_at": "2025-08-18T17:47:52.433Z", "updated_at": "2025-08-18T17:47:52.433Z"}}, {"model": "users.education", "pk": 21, "fields": {"user": ["ronald@gmail.com"], "instituicao": "ifpb", "curso": "ads", "nivel": "superior_completo", "inicio": "2021-02-09", "fim": "2024-04-17", "em_andamento": false, "created_at": "2025-08-21T13:24:03.229Z", "updated_at": "2025-08-21T13:24:03.229Z"}}, {"model": "users.experience", "pk": 4, "fields": {"user": ["candidate@rhacqua.com"], "empresa": "vamosdasdsa", "cargo": "desenvolvedor", "inicio": "2025-08-01", "fim": "2025-08-27", "atual": true, "atividades": "dasdasdsad", "created_at": "2025-08-14T19:04:41.009Z", "updated_at": "2025-08-15T14:56:35.732Z"}}, {"model": "users.experience", "pk": 5, "fields": {"user": ["kaue.ronald@gmail.com"], "empresa": "dasdsa", "cargo": "asdas", "inicio": "2025-08-01", "fim": "2025-08-25", "atual": true, "atividades": "asdsad ad sa das dasd", "created_at": "2025-08-15T11:35:58.794Z", "updated_at": "2025-08-15T11:35:58.794Z"}}, {"model": "users.experience", "pk": 8, "fields": {"user": ["candidate@rhacqua.com"], "empresa": "tridev", "cargo": "CTO", "inicio": "2025-08-08", "fim": "2025-08-15", "atual": true, "atividades": "sda sdas d asda sdasdsadsa", "created_at": "2025-08-15T19:38:53.211Z", "updated_at": "2025-08-15T19:38:53.211Z"}}, {"model": "users.experience", "pk": 15, "fields": {"user": ["candidate@rhacqua.com"], "empresa": "BlackBeans", "cargo": "PO", "inicio": "2025-08-02", "fim": null, "atual": true, "atividades": "", "created_at": "2025-08-15T20:10:35.291Z", "updated_at": "2025-08-15T20:10:35.291Z"}}, {"model": "users.experience", "pk": 16, "fields": {"user": ["joao13@gmail.com"], "empresa": "piccolis producoes", "cargo": "desenvolvedor", "inicio": "2025-08-06", "fim": null, "atual": true, "atividades": "muitas coisas", "created_at": "2025-08-18T12:48:44.013Z", "updated_at": "2025-08-18T12:48:44.013Z"}}, {"model": "users.experience", "pk": 17, "fields": {"user": ["alan@gmail.com"], "empresa": "BlackBeans", "cargo": "PO", "inicio": "2025-08-01", "fim": null, "atual": true, "atividades": "varias coisas", "created_at": "2025-08-18T14:06:52.130Z", "updated_at": "2025-08-18T14:06:52.130Z"}}, {"model": "users.experience", "pk": 18, "fields": {"user": ["kamilly@gmail.com"], "empresa": "BlackBeans", "cargo": "enfermeira", "inicio": "2025-08-01", "fim": "2025-08-31", "atual": false, "atividades": "", "created_at": "2025-08-18T17:48:14.295Z", "updated_at": "2025-08-18T17:48:14.296Z"}}, {"model": "users.experience", "pk": 19, "fields": {"user": ["ronald@gmail.com"], "empresa": "BlackBeans", "cargo": "desenvolvedor", "inicio": "2024-06-13", "fim": null, "atual": true, "atividades": "muitas coisas", "created_at": "2025-08-21T13:24:34.342Z", "updated_at": "2025-08-21T13:24:34.342Z"}}, {"model": "users.technicalskill", "pk": 2, "fields": {"user": ["candidate@rhacqua.com"], "nome": "teste", "nivel": "avancado", "created_at": "2025-08-14T18:44:25.902Z", "updated_at": "2025-08-14T23:18:25.886Z"}}, {"model": "users.technicalskill", "pk": 7, "fields": {"user": ["candidate@rhacqua.com"], "nome": "aiai", "nivel": "intermediario", "created_at": "2025-08-14T23:18:32.859Z", "updated_at": "2025-08-14T23:18:32.859Z"}}, {"model": "users.technicalskill", "pk": 9, "fields": {"user": ["kaue.ronald@gmail.com"], "nome": "Convidado", "nivel": "intermediario", "created_at": "2025-08-15T11:36:09.976Z", "updated_at": "2025-08-15T11:36:09.976Z"}}, {"model": "users.technicalskill", "pk": 10, "fields": {"user": ["kaue.ronald@gmail.com"], "nome": "kaue teste", "nivel": "basico", "created_at": "2025-08-15T11:36:17.265Z", "updated_at": "2025-08-15T11:36:17.265Z"}}, {"model": "users.technicalskill", "pk": 12, "fields": {"user": ["candidate@rhacqua.com"], "nome": "Inscrição", "nivel": "basico", "created_at": "2025-08-15T19:55:51.831Z", "updated_at": "2025-08-15T19:55:51.831Z"}}, {"model": "users.technicalskill", "pk": 13, "fields": {"user": ["joao13@gmail.com"], "nome": "Liderança", "nivel": "intermediario", "created_at": "2025-08-18T12:48:56.159Z", "updated_at": "2025-08-18T12:48:56.159Z"}}, {"model": "users.technicalskill", "pk": 14, "fields": {"user": ["joao13@gmail.com"], "nome": "python", "nivel": "basico", "created_at": "2025-08-18T12:49:06.533Z", "updated_at": "2025-08-18T12:49:06.533Z"}}, {"model": "users.technicalskill", "pk": 15, "fields": {"user": ["alan@gmail.com"], "nome": "python", "nivel": "basico", "created_at": "2025-08-18T14:07:00.746Z", "updated_at": "2025-08-18T14:07:00.746Z"}}, {"model": "users.technicalskill", "pk": 16, "fields": {"user": ["kamilly@gmail.com"], "nome": "enfermagem", "nivel": "intermediario", "created_at": "2025-08-18T17:48:25.370Z", "updated_at": "2025-08-18T17:48:25.370Z"}}, {"model": "users.technicalskill", "pk": 17, "fields": {"user": ["ronald@gmail.com"], "nome": "python", "nivel": "basico", "created_at": "2025-08-21T13:24:42.820Z", "updated_at": "2025-08-21T13:24:42.820Z"}}, {"model": "users.technicalskill", "pk": 18, "fields": {"user": ["ronald@gmail.com"], "nome": "HTML", "nivel": "avancado", "created_at": "2025-08-21T13:24:49.121Z", "updated_at": "2025-08-21T13:24:49.121Z"}}, {"model": "users.technicalskill", "pk": 19, "fields": {"user": ["ronald@gmail.com"], "nome": "Css", "nivel": "intermediario", "created_at": "2025-08-21T13:24:55.090Z", "updated_at": "2025-08-21T13:24:55.090Z"}}, {"model": "users.softskill", "pk": 4, "fields": {"user": ["candidate@rhacqua.com"], "nome": "Trabalho em equipe", "created_at": "2025-08-14T19:00:28.523Z", "updated_at": "2025-08-14T19:00:28.523Z"}}, {"model": "users.softskill", "pk": 9, "fields": {"user": ["kaue.ronald@gmail.com"], "nome": "Trabalho em equipe", "created_at": "2025-08-15T11:36:25.564Z", "updated_at": "2025-08-15T11:36:25.564Z"}}, {"model": "users.softskill", "pk": 12, "fields": {"user": ["joao13@gmail.com"], "nome": "Resiliência", "created_at": "2025-08-18T12:49:15.526Z", "updated_at": "2025-08-18T12:49:15.526Z"}}, {"model": "users.softskill", "pk": 13, "fields": {"user": ["joao13@gmail.com"], "nome": "Resolução de conflitos", "created_at": "2025-08-18T12:49:20.036Z", "updated_at": "2025-08-18T12:49:20.036Z"}}, {"model": "users.softskill", "pk": 14, "fields": {"user": ["alan@gmail.com"], "nome": "Comunicação eficaz", "created_at": "2025-08-18T14:07:08.184Z", "updated_at": "2025-08-18T14:07:08.184Z"}}, {"model": "users.softskill", "pk": 15, "fields": {"user": ["alan@gmail.com"], "nome": "Empatia", "created_at": "2025-08-18T14:07:12.109Z", "updated_at": "2025-08-18T14:07:12.109Z"}}, {"model": "users.softskill", "pk": 16, "fields": {"user": ["kamilly@gmail.com"], "nome": "Flexibilidade", "created_at": "2025-08-18T17:48:31.432Z", "updated_at": "2025-08-18T17:48:31.432Z"}}, {"model": "users.softskill", "pk": 17, "fields": {"user": ["kamilly@gmail.com"], "nome": "Empatia", "created_at": "2025-08-18T17:48:34.724Z", "updated_at": "2025-08-18T17:48:34.724Z"}}, {"model": "users.softskill", "pk": 18, "fields": {"user": ["kamilly@gmail.com"], "nome": "Liderança", "created_at": "2025-08-18T17:48:36.909Z", "updated_at": "2025-08-18T17:48:36.909Z"}}, {"model": "users.softskill", "pk": 19, "fields": {"user": ["ronald@gmail.com"], "nome": "Resiliência", "created_at": "2025-08-21T13:25:01.384Z", "updated_at": "2025-08-21T13:25:01.384Z"}}, {"model": "users.softskill", "pk": 20, "fields": {"user": ["ronald@gmail.com"], "nome": "Flexibilidade", "created_at": "2025-08-21T13:25:05.721Z", "updated_at": "2025-08-21T13:25:05.721Z"}}, {"model": "users.certification", "pk": 4, "fields": {"user": ["candidate@rhacqua.com"], "titulo": "sdasd", "orgao": "asdsad", "emissao": "2025-08-01", "validade": "2031-11-14", "sem_validade": false, "credencial_url": "https://docs.google.com/document/d/1JC5KMneOhjA5McdE1s953SgSe0SIA_Ul/edit?pli=1", "created_at": "2025-08-14T23:19:34.467Z", "updated_at": "2025-08-14T23:19:34.467Z"}}, {"model": "users.certification", "pk": 6, "fields": {"user": ["kaue.ronald@gmail.com"], "titulo": "dasdas", "orgao": "addw r a adas", "emissao": "2025-08-01", "validade": null, "sem_validade": true, "credencial_url": "https://docs.google.com/document/d/1JC5KMneOhjA5McdE1s953SgSe0SIA_Ul/edit?pli=1", "created_at": "2025-08-15T11:36:41.379Z", "updated_at": "2025-08-15T11:36:41.379Z"}}, {"model": "users.certification", "pk": 8, "fields": {"user": ["candidate@rhacqua.com"], "titulo": "java", "orgao": "dasdsad", "emissao": "2025-08-01", "validade": null, "sem_validade": true, "credencial_url": "", "created_at": "2025-08-15T19:41:38.441Z", "updated_at": "2025-08-15T19:41:38.441Z"}}, {"model": "users.certification", "pk": 9, "fields": {"user": ["candidate@rhacqua.com"], "titulo": "nova", "orgao": "adsda", "emissao": "2025-07-29", "validade": null, "sem_validade": true, "credencial_url": "", "created_at": "2025-08-15T19:42:37.590Z", "updated_at": "2025-08-15T19:42:37.590Z"}}, {"model": "users.certification", "pk": 12, "fields": {"user": ["candidate@rhacqua.com"], "titulo": "vamo", "orgao": "asdasd", "emissao": "2025-08-09", "validade": null, "sem_validade": true, "credencial_url": "", "created_at": "2025-08-15T19:58:49.572Z", "updated_at": "2025-08-15T19:58:49.572Z"}}, {"model": "users.certification", "pk": 13, "fields": {"user": ["joao13@gmail.com"], "titulo": "litoral", "orgao": "sdsds", "emissao": "2025-08-01", "validade": null, "sem_validade": true, "credencial_url": "https://docs.google.com/document/d/1JC5KMneOhjA5McdE1s953SgSe0SIA_Ul/edit?pli=1", "created_at": "2025-08-18T12:49:53.567Z", "updated_at": "2025-08-18T12:49:53.567Z"}}, {"model": "users.certification", "pk": 15, "fields": {"user": ["alan@gmail.com"], "titulo": "java", "orgao": "sdds", "emissao": "2025-08-01", "validade": null, "sem_validade": true, "credencial_url": "https://black-beans-team.monday.com/boards/9316225623", "created_at": "2025-08-18T14:07:25.930Z", "updated_at": "2025-08-18T14:07:25.930Z"}}, {"model": "users.certification", "pk": 16, "fields": {"user": ["kamilly@gmail.com"], "titulo": "atadura", "orgao": "sss", "emissao": "2025-08-01", "validade": null, "sem_validade": true, "credencial_url": "https://black-beans-team.monday.com/boards/9316225623", "created_at": "2025-08-18T17:49:10.117Z", "updated_at": "2025-08-18T17:49:10.117Z"}}, {"model": "users.certification", "pk": 17, "fields": {"user": ["ronald@gmail.com"], "titulo": "java", "orgao": "rocketseat", "emissao": "2024-03-21", "validade": null, "sem_validade": true, "credencial_url": "http://127.0.0.1:8007/users/meu-curriculo/", "created_at": "2025-08-21T13:25:32.014Z", "updated_at": "2025-08-21T13:25:32.014Z"}}, {"model": "users.language", "pk": 3, "fields": {"user": ["candidate@rhacqua.com"], "idioma": "frances", "idioma_outro": null, "nivel": "nativo", "created_at": "2025-08-14T23:50:16.981Z", "updated_at": "2025-08-14T23:50:16.981Z"}}, {"model": "users.language", "pk": 6, "fields": {"user": ["candidate@rhacqua.com"], "idioma": "italiano", "idioma_outro": null, "nivel": "fluente", "created_at": "2025-08-15T00:11:57.450Z", "updated_at": "2025-08-15T00:11:57.450Z"}}, {"model": "users.language", "pk": 8, "fields": {"user": ["candidate@rhacqua.com"], "idioma": "ingles", "idioma_outro": null, "nivel": "fluente", "created_at": "2025-08-15T00:19:08.248Z", "updated_at": "2025-08-15T00:19:08.248Z"}}, {"model": "users.language", "pk": 10, "fields": {"user": ["kaue.ronald@gmail.com"], "idioma": "portugues", "idioma_outro": null, "nivel": "nativo", "created_at": "2025-08-15T11:36:49.341Z", "updated_at": "2025-08-15T11:36:49.341Z"}}, {"model": "users.language", "pk": 11, "fields": {"user": ["kaue.ronald@gmail.com"], "idioma": "ingles", "idioma_outro": null, "nivel": "intermediario", "created_at": "2025-08-15T11:36:57.077Z", "updated_at": "2025-08-15T11:36:57.077Z"}}, {"model": "users.language", "pk": 12, "fields": {"user": ["kaue.ronald@gmail.com"], "idioma": "espanhol", "idioma_outro": null, "nivel": "basico", "created_at": "2025-08-15T11:37:00.814Z", "updated_at": "2025-08-15T11:37:00.814Z"}}, {"model": "users.language", "pk": 15, "fields": {"user": ["candidate@rhacqua.com"], "idioma": "russo", "idioma_outro": null, "nivel": "intermediario", "created_at": "2025-08-15T20:00:04.328Z", "updated_at": "2025-08-15T20:00:04.328Z"}}, {"model": "users.language", "pk": 16, "fields": {"user": ["candidate@rhacqua.com"], "idioma": "portugues", "idioma_outro": null, "nivel": "basico", "created_at": "2025-08-15T20:00:11.044Z", "updated_at": "2025-08-15T20:00:11.044Z"}}, {"model": "users.language", "pk": 17, "fields": {"user": ["joao13@gmail.com"], "idioma": "portugues", "idioma_outro": null, "nivel": "nativo", "created_at": "2025-08-18T12:50:07.159Z", "updated_at": "2025-08-18T12:50:07.159Z"}}, {"model": "users.language", "pk": 18, "fields": {"user": ["joao13@gmail.com"], "idioma": "ingles", "idioma_outro": null, "nivel": "intermediario", "created_at": "2025-08-18T12:50:12.652Z", "updated_at": "2025-08-18T12:50:12.652Z"}}, {"model": "users.language", "pk": 19, "fields": {"user": ["alan@gmail.com"], "idioma": "portugues", "idioma_outro": null, "nivel": "nativo", "created_at": "2025-08-18T14:07:33.292Z", "updated_at": "2025-08-18T14:07:33.292Z"}}, {"model": "users.language", "pk": 20, "fields": {"user": ["alan@gmail.com"], "idioma": "ingles", "idioma_outro": null, "nivel": "intermediario", "created_at": "2025-08-18T14:07:38.730Z", "updated_at": "2025-08-18T14:07:38.730Z"}}, {"model": "users.language", "pk": 21, "fields": {"user": ["alan@gmail.com"], "idioma": "espanhol", "idioma_outro": null, "nivel": "basico", "created_at": "2025-08-18T14:07:41.246Z", "updated_at": "2025-08-18T14:07:41.246Z"}}, {"model": "users.language", "pk": 22, "fields": {"user": ["kamilly@gmail.com"], "idioma": "portugues", "idioma_outro": null, "nivel": "nativo", "created_at": "2025-08-18T17:49:16.945Z", "updated_at": "2025-08-18T17:49:16.945Z"}}, {"model": "users.language", "pk": 23, "fields": {"user": ["ronald@gmail.com"], "idioma": "portugues", "idioma_outro": null, "nivel": "nativo", "created_at": "2025-08-21T13:25:39.680Z", "updated_at": "2025-08-21T13:25:39.680Z"}}, {"model": "users.language", "pk": 24, "fields": {"user": ["ronald@gmail.com"], "idioma": "ingles", "idioma_outro": null, "nivel": "intermediario", "created_at": "2025-08-21T13:25:45.247Z", "updated_at": "2025-08-21T13:25:45.248Z"}}, {"model": "users.recruiterprofile", "pk": 2, "fields": {"user": ["recrutador@teste.com"], "specialization": null, "hiring_authority": false, "vacancies_created": 0, "candidates_interviewed": 0, "successful_hires": 0, "notification_preferences": {}, "created_at": "2025-07-21T17:56:18.608Z", "updated_at": "2025-07-28T14:50:48.709Z"}}, {"model": "users.recruiterprofile", "pk": 3, "fields": {"user": ["recruiter@rhacqua.com"], "specialization": null, "hiring_authority": false, "vacancies_created": 0, "candidates_interviewed": 0, "successful_hires": 0, "notification_preferences": {}, "created_at": "2025-08-13T18:23:01.127Z", "updated_at": "2025-08-25T14:15:45.044Z"}}, {"model": "users.recruiterprofile", "pk": 4, "fields": {"user": ["recruiter@example.com"], "specialization": null, "hiring_authority": false, "vacancies_created": 0, "candidates_interviewed": 0, "successful_hires": 0, "notification_preferences": {}, "created_at": "2025-08-15T00:35:25.775Z", "updated_at": "2025-08-15T12:19:29.068Z"}}, {"model": "users.userprofile", "pk": 1, "fields": {"user": ["contato@blackbeans.com.br"]}}, {"model": "users.userprofile", "pk": 2, "fields": {"user": ["maria@maria.com.br"]}}, {"model": "users.userprofile", "pk": 6, "fields": {"user": ["candidato@teste.com"]}}, {"model": "users.userprofile", "pk": 7, "fields": {"user": ["recrutador@teste.com"]}}, {"model": "users.userprofile", "pk": 8, "fields": {"user": ["admin@admin.com"]}}, {"model": "users.userprofile", "pk": 9, "fields": {"user": ["admin@rhacqua.com"]}}, {"model": "users.userprofile", "pk": 10, "fields": {"user": ["recruiter@rhacqua.com"]}}, {"model": "users.userprofile", "pk": 11, "fields": {"user": ["candidate@rhacqua.com"]}}, {"model": "users.userprofile", "pk": 12, "fields": {"user": ["recruiter@example.com"]}}, {"model": "users.userprofile", "pk": 13, "fields": {"user": ["kaue.ronald@gmail.com"]}}, {"model": "users.userprofile", "pk": 14, "fields": {"user": ["bea@gmail.com"]}}, {"model": "users.userprofile", "pk": 15, "fields": {"user": ["joao@gmail.com"]}}, {"model": "users.userprofile", "pk": 16, "fields": {"user": ["joao13@gmail.com"]}}, {"model": "users.userprofile", "pk": 17, "fields": {"user": ["alan@gmail.com"]}}, {"model": "users.userprofile", "pk": 18, "fields": {"user": ["kamilly@gmail.com"]}}, {"model": "users.userprofile", "pk": 19, "fields": {"user": ["ronald@gmail.com"]}}, {"model": "vacancies.hospital", "pk": 1, "fields": {"name": "Hospital Santa Clara", "address": "Rua das Flores, 123", "city": "São Paulo", "state": "SP", "zip_code": "", "phone": "(11) 99999-9999", "email": "contato@santaclara.com.br", "website": null, "description": null, "logo": "", "is_active": true, "created_at": "2025-08-15T00:35:09.445Z", "updated_at": "2025-08-15T00:35:09.445Z"}}, {"model": "vacancies.hospital", "pk": 2, "fields": {"name": "Hospital São Lucas", "address": "Av. Principal, 456", "city": "Rio de Janeiro", "state": "RJ", "zip_code": "", "phone": "(21) 88888-8888", "email": "contato@saolucas.com.br", "website": null, "description": null, "logo": "", "is_active": true, "created_at": "2025-08-15T00:35:09.456Z", "updated_at": "2025-08-15T00:35:09.456Z"}}, {"model": "vacancies.hospital", "pk": 3, "fields": {"name": "Hospital Central", "address": "Rua Central, 789", "city": "Belo Horizonte", "state": "MG", "zip_code": "", "phone": "(31) 77777-7777", "email": "contato@central.com.br", "website": null, "description": null, "logo": "", "is_active": true, "created_at": "2025-08-15T00:35:09.467Z", "updated_at": "2025-08-15T00:35:09.467Z"}}, {"model": "vacancies.department", "pk": 1, "fields": {"hospital": 1, "name": "UTI", "description": "Unidade de Terapia Intensiva", "manager": null, "is_active": true, "created_at": "2025-08-15T00:35:09.477Z", "updated_at": "2025-08-15T00:35:09.477Z"}}, {"model": "vacancies.department", "pk": 2, "fields": {"hospital": 2, "name": "Enfermagem", "description": "Departamento de Enfermagem", "manager": null, "is_active": true, "created_at": "2025-08-15T00:35:09.486Z", "updated_at": "2025-08-15T00:35:09.486Z"}}, {"model": "vacancies.department", "pk": 3, "fields": {"hospital": 1, "name": "Centro Cirúrgico", "description": "Centro Cirúrgico", "manager": null, "is_active": true, "created_at": "2025-08-15T00:35:09.496Z", "updated_at": "2025-08-15T00:35:09.496Z"}}, {"model": "vacancies.department", "pk": 4, "fields": {"hospital": 1, "name": "Enfermagem", "description": "Departamento de enfermagem geral", "manager": null, "is_active": true, "created_at": "2025-08-15T01:46:47.971Z", "updated_at": "2025-08-15T01:46:47.971Z"}}, {"model": "vacancies.department", "pk": 5, "fields": {"hospital": 1, "name": "Medicina Interna", "description": "Departamento de medicina interna e clínica médica", "manager": null, "is_active": true, "created_at": "2025-08-15T01:46:47.981Z", "updated_at": "2025-08-15T01:46:47.981Z"}}, {"model": "vacancies.department", "pk": 6, "fields": {"hospital": 1, "name": "Pediatria", "description": "Departamento especializado em cuidados infantis", "manager": null, "is_active": true, "created_at": "2025-08-15T01:46:47.988Z", "updated_at": "2025-08-15T01:46:47.988Z"}}, {"model": "vacancies.department", "pk": 7, "fields": {"hospital": 1, "name": "Cardiologia", "description": "Departamento de cardiologia e cirurgia cardíaca", "manager": null, "is_active": true, "created_at": "2025-08-15T01:46:47.995Z", "updated_at": "2025-08-15T01:46:47.995Z"}}, {"model": "vacancies.department", "pk": 8, "fields": {"hospital": 1, "name": "Neurologia", "description": "Departamento de neurologia e neurocirurgia", "manager": null, "is_active": true, "created_at": "2025-08-15T01:46:48.001Z", "updated_at": "2025-08-15T01:46:48.001Z"}}, {"model": "vacancies.department", "pk": 9, "fields": {"hospital": 1, "name": "Ortopedia", "description": "Departamento de ortopedia e traumatologia", "manager": null, "is_active": true, "created_at": "2025-08-15T01:46:48.008Z", "updated_at": "2025-08-15T01:46:48.008Z"}}, {"model": "vacancies.department", "pk": 10, "fields": {"hospital": 1, "name": "Radiologia", "description": "Departamento de diagnóstico por imagem", "manager": null, "is_active": true, "created_at": "2025-08-15T01:46:48.014Z", "updated_at": "2025-08-15T01:46:48.014Z"}}, {"model": "vacancies.department", "pk": 11, "fields": {"hospital": 1, "name": "Laboratório", "description": "Departamento de análises clínicas", "manager": null, "is_active": true, "created_at": "2025-08-15T01:46:48.021Z", "updated_at": "2025-08-15T01:46:48.021Z"}}, {"model": "vacancies.department", "pk": 12, "fields": {"hospital": 1, "name": "Farmácia", "description": "Departamento farmacêutico hospitalar", "manager": null, "is_active": true, "created_at": "2025-08-15T01:46:48.027Z", "updated_at": "2025-08-15T01:46:48.027Z"}}, {"model": "vacancies.department", "pk": 13, "fields": {"hospital": 1, "name": "Administração", "description": "Departamento administrativo e gestão", "manager": null, "is_active": true, "created_at": "2025-08-15T01:46:48.034Z", "updated_at": "2025-08-15T01:46:48.034Z"}}, {"model": "vacancies.department", "pk": 14, "fields": {"hospital": 2, "name": "Centro Cirúrgico", "description": "Departamento responsável por procedimentos cirúrgicos", "manager": null, "is_active": true, "created_at": "2025-08-15T01:46:48.042Z", "updated_at": "2025-08-15T01:46:48.042Z"}}, {"model": "vacancies.department", "pk": 15, "fields": {"hospital": 2, "name": "UTI", "description": "Unidade de Terapia Intensiva para pacientes críticos", "manager": null, "is_active": true, "created_at": "2025-08-15T01:46:48.049Z", "updated_at": "2025-08-15T01:46:48.049Z"}}, {"model": "vacancies.department", "pk": 16, "fields": {"hospital": 2, "name": "Emergência", "description": "Departamento de emergência e urgência", "manager": null, "is_active": true, "created_at": "2025-08-15T01:46:48.055Z", "updated_at": "2025-08-15T01:46:48.055Z"}}, {"model": "vacancies.department", "pk": 17, "fields": {"hospital": 2, "name": "Oncologia", "description": "Departamento de oncologia e tratamento do câncer", "manager": null, "is_active": true, "created_at": "2025-08-15T01:46:48.062Z", "updated_at": "2025-08-15T01:46:48.062Z"}}, {"model": "vacancies.department", "pk": 18, "fields": {"hospital": 2, "name": "Maternidade", "description": "Departamento de obstetrícia e ginecologia", "manager": null, "is_active": true, "created_at": "2025-08-15T01:46:48.069Z", "updated_at": "2025-08-15T01:46:48.069Z"}}, {"model": "vacancies.department", "pk": 19, "fields": {"hospital": 2, "name": "Psiquiatria", "description": "Departamento de psiquiatria e saúde mental", "manager": null, "is_active": true, "created_at": "2025-08-15T01:46:48.075Z", "updated_at": "2025-08-15T01:46:48.075Z"}}, {"model": "vacancies.department", "pk": 20, "fields": {"hospital": 2, "name": "Fisioterapia", "description": "Departamento de fisioterapia e reabilitação", "manager": null, "is_active": true, "created_at": "2025-08-15T01:46:48.081Z", "updated_at": "2025-08-15T01:46:48.081Z"}}, {"model": "vacancies.department", "pk": 21, "fields": {"hospital": 2, "name": "Nutrição", "description": "Departamento de nutrição clínica", "manager": null, "is_active": true, "created_at": "2025-08-15T01:46:48.087Z", "updated_at": "2025-08-15T01:46:48.087Z"}}, {"model": "vacancies.department", "pk": 22, "fields": {"hospital": 2, "name": "Serviço Social", "description": "Departamento de serviço social hospitalar", "manager": null, "is_active": true, "created_at": "2025-08-15T01:46:48.094Z", "updated_at": "2025-08-15T01:46:48.094Z"}}, {"model": "vacancies.department", "pk": 23, "fields": {"hospital": 3, "name": "Centro Cirúrgico", "description": "Departamento responsável por procedimentos cirúrgicos", "manager": null, "is_active": true, "created_at": "2025-08-15T01:46:48.101Z", "updated_at": "2025-08-15T01:46:48.101Z"}}, {"model": "vacancies.department", "pk": 24, "fields": {"hospital": 3, "name": "UTI", "description": "Unidade de Terapia Intensiva para pacientes críticos", "manager": null, "is_active": true, "created_at": "2025-08-15T01:46:48.108Z", "updated_at": "2025-08-15T01:46:48.108Z"}}, {"model": "vacancies.department", "pk": 25, "fields": {"hospital": 3, "name": "Enfermagem", "description": "Departamento de enfermagem geral", "manager": null, "is_active": true, "created_at": "2025-08-15T01:46:48.114Z", "updated_at": "2025-08-15T01:46:48.114Z"}}, {"model": "vacancies.department", "pk": 26, "fields": {"hospital": 3, "name": "Medicina Interna", "description": "Departamento de medicina interna e clínica médica", "manager": null, "is_active": true, "created_at": "2025-08-15T01:46:48.121Z", "updated_at": "2025-08-15T01:46:48.121Z"}}, {"model": "vacancies.department", "pk": 27, "fields": {"hospital": 3, "name": "Cardiologia", "description": "Departamento de cardiologia e cirurgia cardíaca", "manager": null, "is_active": true, "created_at": "2025-08-15T01:46:48.127Z", "updated_at": "2025-08-15T01:46:48.127Z"}}, {"model": "vacancies.department", "pk": 28, "fields": {"hospital": 3, "name": "Neurologia", "description": "Departamento de neurologia e neurocirurgia", "manager": null, "is_active": true, "created_at": "2025-08-15T01:46:48.134Z", "updated_at": "2025-08-15T01:46:48.134Z"}}, {"model": "vacancies.department", "pk": 29, "fields": {"hospital": 3, "name": "Ortopedia", "description": "Departamento de ortopedia e traumatologia", "manager": null, "is_active": true, "created_at": "2025-08-15T01:46:48.140Z", "updated_at": "2025-08-15T01:46:48.140Z"}}, {"model": "vacancies.department", "pk": 30, "fields": {"hospital": 3, "name": "Radiologia", "description": "Departamento de diagnóstico por imagem", "manager": null, "is_active": true, "created_at": "2025-08-15T01:46:48.150Z", "updated_at": "2025-08-15T01:46:48.150Z"}}, {"model": "vacancies.department", "pk": 31, "fields": {"hospital": 3, "name": "Laboratório", "description": "Departamento de análises clínicas", "manager": null, "is_active": true, "created_at": "2025-08-15T01:46:48.157Z", "updated_at": "2025-08-15T01:46:48.157Z"}}, {"model": "vacancies.department", "pk": 32, "fields": {"hospital": 3, "name": "Farmácia", "description": "Departamento farmacêutico hospitalar", "manager": null, "is_active": true, "created_at": "2025-08-15T01:46:48.163Z", "updated_at": "2025-08-15T01:46:48.163Z"}}, {"model": "vacancies.department", "pk": 33, "fields": {"hospital": 3, "name": "Administração", "description": "Departamento administrativo e gestão", "manager": null, "is_active": true, "created_at": "2025-08-15T01:46:48.190Z", "updated_at": "2025-08-15T01:46:48.190Z"}}, {"model": "vacancies.department", "pk": 34, "fields": {"hospital": 3, "name": "Recursos Humanos", "description": "Departamento de gestão de pessoas", "manager": null, "is_active": true, "created_at": "2025-08-15T01:46:48.198Z", "updated_at": "2025-08-15T01:46:48.198Z"}}, {"model": "vacancies.department", "pk": 35, "fields": {"hospital": 3, "name": "TI", "description": "Departamento de tecnologia da informação", "manager": null, "is_active": true, "created_at": "2025-08-15T01:46:48.205Z", "updated_at": "2025-08-15T01:46:48.206Z"}}, {"model": "vacancies.department", "pk": 36, "fields": {"hospital": 3, "name": "Manutenção", "description": "Departamento de manutenção predial", "manager": null, "is_active": true, "created_at": "2025-08-15T01:46:48.214Z", "updated_at": "2025-08-15T01:46:48.214Z"}}, {"model": "vacancies.department", "pk": 37, "fields": {"hospital": 3, "name": "Limpeza", "description": "Departamento de serviços gerais", "manager": null, "is_active": true, "created_at": "2025-08-15T01:46:48.220Z", "updated_at": "2025-08-15T01:46:48.220Z"}}, {"model": "vacancies.department", "pk": 38, "fields": {"hospital": 1, "name": "Emergência", "description": "Departamento de emergência e pronto socorro", "manager": null, "is_active": true, "created_at": "2025-08-21T11:05:45.703Z", "updated_at": "2025-08-21T11:05:45.703Z"}}, {"model": "vacancies.department", "pk": 39, "fields": {"hospital": 2, "name": "Cardiologia", "description": "Departamento de cardiologia", "manager": null, "is_active": true, "created_at": "2025-08-21T11:05:45.715Z", "updated_at": "2025-08-21T11:05:45.716Z"}}, {"model": "vacancies.jobcategory", "pk": 1, "fields": {"name": "Enfermagem", "description": "Cargos relacionados à enfermagem", "is_active": true}}, {"model": "vacancies.jobcategory", "pk": 2, "fields": {"name": "Médico", "description": "Cargos médicos", "is_active": true}}, {"model": "vacancies.jobcategory", "pk": 3, "fields": {"name": "Técnico", "description": "Cargos técnicos", "is_active": true}}, {"model": "vacancies.jobcategory", "pk": 4, "fields": {"name": "Administrativo", "description": "Cargos administrativos", "is_active": true}}, {"model": "vacancies.jobcategory", "pk": 5, "fields": {"name": "Apoio", "description": "Cargos de apoio e suporte", "is_active": true}}, {"model": "vacancies.skill", "pk": 1, "fields": {"name": "Atendimento ao Paciente", "description": "Habilidade em atender pacientes", "category": 1}}, {"model": "vacancies.skill", "pk": 2, "fields": {"name": "Gestão de Equipe", "description": "Habilidade em gerenciar equipes", "category": 1}}, {"model": "vacancies.skill", "pk": 3, "fields": {"name": "Administração de Medicamentos", "description": "Conhecimento em farmacologia e administração segura de medicamentos", "category": 1}}, {"model": "vacancies.skill", "pk": 4, "fields": {"name": "Controle de Infecção", "description": "Práticas de prevenção e controle de infecções hospitalares", "category": 1}}, {"model": "vacancies.skill", "pk": 5, "fields": {"name": "Cuidados Intensivos", "description": "Experiência em unidades de terapia intensiva", "category": 1}}, {"model": "vacancies.skill", "pk": 6, "fields": {"name": "Enfermagem Obstétrica", "description": "Especialização em cuidados obstétricos e neonatais", "category": 1}}, {"model": "vacancies.skill", "pk": 7, "fields": {"name": "Enfermagem Pediátrica", "description": "Cuidados especializados em pediatria", "category": 1}}, {"model": "vacancies.skill", "pk": 8, "fields": {"name": "Enfermagem Geriátrica", "description": "Cuidados especializados para idosos", "category": 1}}, {"model": "vacancies.skill", "pk": 9, "fields": {"name": "Curativos e Feridas", "description": "Técnicas avançadas de tratamento de feridas", "category": 1}}, {"model": "vacancies.skill", "pk": 10, "fields": {"name": "Monitorização Hemodinâmica", "description": "Conhecimento em monitorização cardiovascular", "category": 1}}, {"model": "vacancies.skill", "pk": 11, "fields": {"name": "Diagnóstico Clínico", "description": "Capacidade de diagnóstico preciso", "category": 2}}, {"model": "vacancies.skill", "pk": 12, "fields": {"name": "Cirurgia Geral", "description": "Competência em procedimentos cirúrgicos gerais", "category": 2}}, {"model": "vacancies.skill", "pk": 13, "fields": {"name": "Cardiologia", "description": "Especialização em doenças cardiovasculares", "category": 2}}, {"model": "vacancies.skill", "pk": 14, "fields": {"name": "Neurologia", "description": "Especialização em doenças neurológicas", "category": 2}}, {"model": "vacancies.skill", "pk": 15, "fields": {"name": "Pediatria", "description": "Especialização em medicina infantil", "category": 2}}, {"model": "vacancies.skill", "pk": 16, "fields": {"name": "Ginecologia e Obstetrícia", "description": "Especialização em saúde da mulher", "category": 2}}, {"model": "vacancies.skill", "pk": 17, "fields": {"name": "Ortopedia", "description": "Especialização em sistema músculo-esquelético", "category": 2}}, {"model": "vacancies.skill", "pk": 18, "fields": {"name": "Emergência e Trauma", "description": "Atendimento em situações de emergência", "category": 2}}, {"model": "vacancies.skill", "pk": 19, "fields": {"name": "Anestesiologia", "description": "Especialização em anestesia e controle da dor", "category": 2}}, {"model": "vacancies.skill", "pk": 20, "fields": {"name": "Radiologia", "description": "Interpretação de exames de imagem", "category": 2}}, {"model": "vacancies.skill", "pk": 21, "fields": {"name": "Psiquiatria", "description": "Especialização em saúde mental", "category": 2}}, {"model": "vacancies.skill", "pk": 22, "fields": {"name": "Endocrinologia", "description": "Especialização em sistema endócrino", "category": 2}}, {"model": "vacancies.skill", "pk": 23, "fields": {"name": "Análises Clínicas", "description": "Realização e interpretação de exames laboratoriais", "category": 3}}, {"model": "vacancies.skill", "pk": 24, "fields": {"name": "Radiologia Técnica", "description": "Operação de equipamentos de imagem", "category": 3}}, {"model": "vacancies.skill", "pk": 25, "fields": {"name": "Farmácia Hospitalar", "description": "Gestão e dispensação de medicamentos", "category": 3}}, {"model": "vacancies.skill", "pk": 26, "fields": {"name": "Fisioterapia", "description": "Reabilitação e terapia física", "category": 3}}, {"model": "vacancies.skill", "pk": 27, "fields": {"name": "Nutrição Clínica", "description": "Planejamento nutricional para pacientes", "category": 3}}, {"model": "vacancies.skill", "pk": 28, "fields": {"name": "Técnico em Enfermagem", "description": "Suporte técnico em enfermagem", "category": 3}}, {"model": "vacancies.skill", "pk": 29, "fields": {"name": "Manutenção de Equipamentos", "description": "Manutenção de equipamentos médicos", "category": 3}}, {"model": "vacancies.skill", "pk": 30, "fields": {"name": "Instrumentação Cirúrgica", "description": "Preparo e organização de instrumentos cirúrgicos", "category": 3}}, {"model": "vacancies.skill", "pk": 31, "fields": {"name": "Hemoterapia", "description": "Conhecimento em banco de sangue e transfusões", "category": 3}}, {"model": "vacancies.skill", "pk": 32, "fields": {"name": "Esterilização", "description": "Processos de esterilização de materiais", "category": 3}}, {"model": "vacancies.skill", "pk": 33, "fields": {"name": "Gestão Hospitalar", "description": "Administração de unidades de saúde", "category": 4}}, {"model": "vacancies.skill", "pk": 34, "fields": {"name": "Recursos Humanos", "description": "Gestão de pessoas na área da saúde", "category": 4}}, {"model": "vacancies.skill", "pk": 35, "fields": {"name": "Faturamento SUS", "description": "Conhecimento em faturamento do Sistema Único de Saúde", "category": 4}}, {"model": "vacancies.skill", "pk": 36, "fields": {"name": "Auditoria Médica", "description": "Auditoria de contas médicas e procedimentos", "category": 4}}, {"model": "vacancies.skill", "pk": 37, "fields": {"name": "Qualidade e Acreditação", "description": "Processos de qualidade e acreditação hospitalar", "category": 4}}, {"model": "vacancies.skill", "pk": 38, "fields": {"name": "Prontuário Eletrônico", "description": "Gestão de sistemas de informação em saúde", "category": 4}}, {"model": "vacancies.skill", "pk": 39, "fields": {"name": "Compras Hospitalares", "description": "Aquisição de materiais e equipamentos médicos", "category": 4}}, {"model": "vacancies.skill", "pk": 40, "fields": {"name": "Controle de Estoque", "description": "Gestão de estoques de materiais médico-hospitalares", "category": 4}}, {"model": "vacancies.skill", "pk": 41, "fields": {"name": "Relacionamento com Pacientes", "description": "Atendimento e relacionamento com pacientes", "category": 4}}, {"model": "vacancies.skill", "pk": 42, "fields": {"name": "Gestão Financeira", "description": "Controle financeiro de unidades de saúde", "category": 4}}, {"model": "vacancies.skill", "pk": 43, "fields": {"name": "Limpeza Hospitalar", "description": "Técnicas de limpeza e desinfecção hospitalar", "category": 5}}, {"model": "vacancies.skill", "pk": 44, "fields": {"name": "Segurança do Trabalho", "description": "Normas de segurança em ambiente hospitalar", "category": 5}}, {"model": "vacancies.skill", "pk": 45, "fields": {"name": "Portaria e Recepção", "description": "Atendimento e controle de acesso", "category": 5}}, {"model": "vacancies.skill", "pk": 46, "fields": {"name": "Manutenção Predial", "description": "Manutenção de instalações hospitalares", "category": 5}}, {"model": "vacancies.skill", "pk": 47, "fields": {"name": "Cozinha Hospitalar", "description": "Preparo de refeições para pacientes", "category": 5}}, {"model": "vacancies.skill", "pk": 48, "fields": {"name": "Transporte de Pacientes", "description": "Movimentação segura de pacientes", "category": 5}}, {"model": "vacancies.skill", "pk": 49, "fields": {"name": "Segurança Patrimonial", "description": "Segurança e vigilância hospitalar", "category": 5}}, {"model": "vacancies.skill", "pk": 50, "fields": {"name": "Jardinagem Hospitalar", "description": "Manutenção de áreas verdes", "category": 5}}, {"model": "vacancies.skill", "pk": 51, "fields": {"name": "Lavanderia Hospitalar", "description": "Processamento de roupas hospitalares", "category": 5}}, {"model": "vacancies.skill", "pk": 52, "fields": {"name": "Apoio Logístico", "description": "Suporte logístico em ambiente hospitalar", "category": 5}}, {"model": "vacancies.skill", "pk": 53, "fields": {"name": "Comunicação Efetiva", "description": "Habilidade de comunicação clara e empática", "category": null}}, {"model": "vacancies.skill", "pk": 54, "fields": {"name": "Trabalho em Equipe", "description": "Capacidade de trabalhar colaborativamente", "category": null}}, {"model": "vacancies.skill", "pk": 55, "fields": {"name": "Ética Profissional", "description": "Conduta ética na área da saúde", "category": null}}, {"model": "vacancies.skill", "pk": 56, "fields": {"name": "Tecnologia da Informação", "description": "Conhecimento em sistemas e tecnologia", "category": null}}, {"model": "vacancies.skill", "pk": 57, "fields": {"name": "Língua Inglesa", "description": "Conhecimento em inglês técnico e científico", "category": null}}, {"model": "vacancies.skill", "pk": 58, "fields": {"name": "Pesquisa Científica", "description": "Habilidade em pesquisa e evidências científicas", "category": null}}, {"model": "vacancies.skill", "pk": 59, "fields": {"name": "Educação em Saúde", "description": "Capacidade de educar pacientes e familiares", "category": null}}, {"model": "vacancies.skill", "pk": 60, "fields": {"name": "Gestão do Tempo", "description": "Organização e priorização de atividades", "category": null}}, {"model": "vacancies.skill", "pk": 61, "fields": {"name": "Resolução de Problemas", "description": "Capacidade analítica e tomada de decisão", "category": null}}, {"model": "vacancies.skill", "pk": 62, "fields": {"name": "Adaptabilidade", "description": "Flexibilidade para mudanças e novos desafios", "category": null}}, {"model": "vacancies.vacancy", "pk": 3, "fields": {"title": "FORMULÁRIO", "slug": "formulario-hospital-central", "description": "O INSTITUTO ACQUA tem como compromisso a responsabilidade de fazer uso dos dados e informações pessoais de cada usuário cadastrado exclusivamente para os fins de eventual processo de recrutamento e seleção. Em hipótese alguma esses dados serão repassados a terceiros, excetuadas exigências previstas em lei.", "requirements": "O INSTITUTO ACQUA tem como compromisso a responsabilidade de fazer uso dos dados e informações pessoais de cada usuário cadastrado exclusivamente para os fins de eventual processo de recrutamento e seleção. Em hipótese alguma esses dados serão repassados a terceiros, excetuadas exigências previstas em lei.", "benefits": "O INSTITUTO ACQUA tem como compromisso a responsabilidade de fazer uso dos dados e informações pessoais de cada usuário cadastrado exclusivamente para os fins de eventual processo de recrutamento e seleção. Em hipótese alguma esses dados serão repassados a terceiros, excetuadas exigências previstas em lei.\r\nO INSTITUTO ACQUA tem como compromisso a responsabilidade de fazer uso dos dados e informações pessoais de cada usuário cadastrado exclusivamente para os fins de eventual processo de recrutamento e seleção. Em hipótese alguma esses dados serão repassados a terceiros, excetuadas exigências previstas em lei.", "hospital": 3, "department": 36, "category": 3, "recruiter": ["recruiter@rhacqua.com"], "status": "closed", "contract_type": "full_time", "experience_level": "mid", "salary_range_min": "1500.00", "salary_range_max": "2500.00", "is_salary_visible": true, "location": "trfdgd", "is_remote": false, "publication_date": "2025-08-15", "closing_date": "2025-08-29", "created_at": "2025-08-15T05:31:53.902Z", "updated_at": "2025-08-21T12:16:57.988Z", "views_count": 31, "applications_count": 0, "skills": [2]}}, {"model": "vacancies.vacancy", "pk": 5, "fields": {"title": "Médico", "slug": "medico-hospital-santa-clara", "description": "Estamos em busca de um(a) Médico(a) para integrar nossa equipe de saúde. O(a) profissional será responsável por realizar atendimentos clínicos, diagnósticos e encaminhamentos, garantindo qualidade no cuidado e acolhimento aos pacientes.\r\n\r\nO(a) candidato(a) deverá atuar com ética, empatia e comprometimento, além de colaborar com a equipe multidisciplinar para o desenvolvimento de planos de tratamento.", "requirements": "Graduação completa em Medicina.\r\n\r\nRegistro ativo no CRM.\r\n\r\nExperiência prévia em atendimento clínico ou especialidade desejada.\r\n\r\nBoa comunicação e capacidade de trabalho em equipe.\r\n\r\nComprometimento com a ética e sigilo profissional.\r\n\r\nDiferenciais:\r\n\r\nEspecialização em área específica (clínica geral, medicina do trabalho, pediatria, etc.).\r\n\r\nExperiência com atendimento via telemedicina.\r\n\r\nAtualizações ou cursos complementares na área.", "benefits": "Salário compatível com o mercado.\r\n\r\nPlano de saúde e odontológico.\r\n\r\nVale-alimentação ou refeição.\r\n\r\nVale-transporte ou auxílio combustível.\r\n\r\nSeguro de vida.\r\n\r\nPrograma de capacitação e educação continuada.\r\n\r\nAmbiente de trabalho colaborativo.\r\n\r\nFlexibilidade de horários (dependendo do regime).", "hospital": 1, "department": 3, "category": 2, "recruiter": ["recruiter@rhacqua.com"], "status": "published", "contract_type": "full_time", "experience_level": "entry", "salary_range_min": "8000.00", "salary_range_max": "10500.00", "is_salary_visible": true, "location": "João Pessoa", "is_remote": false, "publication_date": "2025-08-21", "closing_date": "2025-08-30", "created_at": "2025-08-21T12:04:26.354Z", "updated_at": "2025-08-21T12:16:55.962Z", "views_count": 0, "applications_count": 0, "skills": [19, 36, 12]}}, {"model": "admin.logentry", "pk": 1, "fields": {"action_time": "2025-07-21T17:50:54.389Z", "user": ["maria@maria.com.br"], "content_type": ["users", "user"], "object_id": "5", "object_repr": "joao teste (jpteste@gmail.com)", "action_flag": 3, "change_message": ""}}, {"model": "admin.logentry", "pk": 2, "fields": {"action_time": "2025-07-21T17:50:58.395Z", "user": ["maria@maria.com.br"], "content_type": ["users", "user"], "object_id": "4", "object_repr": "kaue silva (kaue123@gmail.com)", "action_flag": 3, "change_message": ""}}, {"model": "admin.logentry", "pk": 3, "fields": {"action_time": "2025-07-21T17:51:03.199Z", "user": ["maria@maria.com.br"], "content_type": ["users", "user"], "object_id": "3", "object_repr": "vanessa kelly (van123@gmail.com)", "action_flag": 3, "change_message": ""}}]